Time (s),Amplitude (ÂµV)
0.0,6.546020507812498
0.0025,5.874633789062498
0.005,6.210327148437499
0.0075,9.231567382812498
0.01,10.070800781249996
0.0125,6.546020507812498
0.015,2.2659301757812496
0.0175,0.6713867187499999
0.02,1.0910034179687498
0.0225,0.4196166992187499
0.025,-0.08392333984374999
0.0275,0.08392333984374999
0.03,-0.9231567382812498
0.0325,-0.7553100585937498
0.035,-1.8463134765624996
0.0375,-3.692626953124999
0.04,-3.356933593749999
0.0425,2.0141601562499996
0.045,7.301330566406248
0.0475,11.749267578124996
0.05,14.518737792968746
0.0525,18.127441406249996
0.055,22.743225097656246
0.0575,25.512695312499996
0.06,30.548095703124996
0.0625,34.07287597656249
0.065,30.296325683593743
0.0675,23.330688476562496
0.07,14.854431152343746
0.0725,7.720947265624998
0.075,4.028320312499999
0.0775,0.7553100585937498
0.08,-3.6087036132812496
0.0825,-3.1890869140624996
0.085,0.16784667968749997
0.0875,2.8533935546874996
0.09,3.944396972656249
0.0925,4.280090332031249
0.095,2.1820068359374996
0.0975,0.16784667968749997
0.1,-0.4196166992187499
0.1025,3.692626953124999
0.105,10.070800781249996
0.1075,18.127441406249996
0.11,21.400451660156243
0.1125,19.805908203124996
0.115,18.630981445312493
0.1175,13.259887695312496
0.12,5.119323730468748
0.1225,0.7553100585937498
0.125,-0.33569335937499994
0.1275,1.7623901367187496
0.13,6.126403808593748
0.1325,9.147644042968748
0.135,7.972717285156247
0.1375,2.8533935546874996
0.14,-2.0980834960937496
0.1425,-3.860473632812499
0.145,-4.112243652343749
0.1475,-2.3498535156249996
0.15,2.0980834960937496
0.1525,7.804870605468747
0.155,11.497497558593748
0.1575,3.440856933593749
0.16,-5.622863769531249
0.1625,-8.728027343749998
0.165,-3.1890869140624996
0.1675,3.944396972656249
0.17,8.224487304687498
0.1725,7.469177246093748
0.175,4.364013671874999
0.1775,3.021240234374999
0.18,3.776550292968749
0.1825,3.1890869140624996
0.185,4.028320312499999
0.1875,5.706787109374999
0.19,7.385253906249998
0.1925,6.210327148437499
0.195,3.1051635742187496
0.1975,3.1051635742187496
0.2,2.937316894531249
0.2025,2.6016235351562496
0.205,3.692626953124999
0.2075,7.553100585937498
0.21,11.329650878906248
0.2125,8.895874023437498
0.215,4.867553710937499
0.2175,1.1749267578124998
0.22,-0.08392333984374999
0.2225,3.524780273437499
0.225,7.301330566406248
0.2275,6.546020507812498
0.23,5.790710449218748
0.2325,1.6784667968749996
0.235,-3.524780273437499
0.2375,-2.7694702148437496
0.24,5.790710449218748
0.2425,10.574340820312498
0.245,10.574340820312498
0.2475,11.161804199218746
0.25,12.504577636718746
0.2525,11.581420898437496
0.255,9.063720703124998
0.2575,5.203247070312499
0.26,3.6087036132812496
0.2625,4.783630371093749
0.265,6.126403808593748
0.2675,2.7694702148437496
0.27,0.4196166992187499
0.2725,3.776550292968749
0.275,6.797790527343748
0.2775,6.713867187499998
0.28,4.112243652343749
0.2825,1.3427734374999998
0.285,1.3427734374999998
0.2875,6.797790527343748
0.29,9.147644042968748
0.2925,7.301330566406248
0.295,3.6087036132812496
0.2975,0.4196166992187499
0.3,0.8392333984374998
0.3025,4.280090332031249
0.305,7.469177246093748
0.3075,10.993957519531246
0.31,13.931274414062496
0.3125,14.015197753906246
0.315,10.658264160156248
0.3175,7.972717285156247
0.32,7.972717285156247
0.3225,10.574340820312498
0.325,13.259887695312496
0.3275,13.847351074218746
0.33,10.993957519531246
0.3325,6.629943847656248
0.335,4.447937011718749
0.3375,2.2659301757812496
0.34,1.4266967773437498
0.3425,1.5106201171874996
0.345,0.08392333984374999
0.3475,0.33569335937499994
0.35,-1.6784667968749996
0.3525,-3.273010253906249
0.355,-2.7694702148437496
0.3575,-0.7553100585937498
0.36,-0.5874633789062499
0.3625,-0.16784667968749997
0.365,3.860473632812499
0.3675,8.392333984374998
0.37,9.651184082031248
0.3725,4.531860351562499
0.375,-0.8392333984374998
0.3775,-3.692626953124999
0.38,-5.622863769531249
0.3825,-1.9302368164062496
0.385,5.119323730468748
0.3875,9.819030761718748
0.39,9.399414062499998
0.3925,4.280090332031249
0.395,1.0070800781249998
0.3975,0.5874633789062499
0.4,3.356933593749999
0.4025,8.476257324218748
0.405,6.797790527343748
0.4075,1.3427734374999998
0.41,-4.447937011718749
0.4125,-8.728027343749998
0.415,-7.720947265624998
0.4175,-4.699707031249999
0.42,0.5035400390624999
0.4225,4.699707031249999
0.425,7.301330566406248
0.4275,10.154724121093748
0.43,7.720947265624998
0.4325,-1.6784667968749996
0.435,-4.196166992187499
0.4375,-2.3498535156249996
0.44,-1.1749267578124998
0.4425,0.4196166992187499
0.445,3.6087036132812496
0.4475,9.231567382812498
0.45,9.315490722656246
0.4525,9.063720703124998
0.455,3.356933593749999
0.4575,-2.937316894531249
0.46,-6.546020507812498
0.4625,-9.147644042968748
0.465,-7.049560546874998
0.4675,1.0070800781249998
0.47,4.280090332031249
0.4725,0.16784667968749997
0.475,-6.462097167968749
0.4775,-12.588500976562498
0.48,-12.420654296874998
0.4825,-6.965637207031248
0.485,-3.1890869140624996
0.4875,-0.9231567382812498
0.49,-0.7553100585937498
0.4925,-4.951477050781249
0.495,-9.483337402343748
0.4975,-9.902954101562498
0.5,-6.797790527343748
0.5025,-3.356933593749999
0.505,1.2588500976562496
0.5075,3.6087036132812496
0.51,4.364013671874999
0.5125,3.1051635742187496
0.515,0.8392333984374998
0.5175,-0.6713867187499999
0.52,-3.021240234374999
0.5225,-6.713867187499998
0.525,-6.126403808593748
0.5275,-1.8463134765624996
0.53,0.33569335937499994
0.5325,1.5106201171874996
0.535,2.4337768554687496
0.5375,0.0
0.54,-3.021240234374999
0.5425,-1.0070800781249998
0.545,-0.8392333984374998
0.5475,-1.8463134765624996
0.55,-1.8463134765624996
0.5525,-4.867553710937499
0.555,-6.965637207031248
0.5575,-6.713867187499998
0.56,-5.790710449218748
0.5625,-4.280090332031249
0.565,-1.4266967773437498
0.5675,2.0980834960937496
0.57,3.021240234374999
0.5725,0.7553100585937498
0.575,0.25177001953124994
0.5775,2.6016235351562496
0.58,5.203247070312499
0.5825,6.713867187499998
0.585,4.364013671874999
0.5875,3.273010253906249
0.59,4.447937011718749
0.5925,-0.4196166992187499
0.595,-4.447937011718749
0.5975,-6.210327148437499
0.6,-6.378173828124999
0.6025,-2.517700195312499
0.605,5.538940429687499
0.6075,14.518737792968746
0.61,15.525817871093748
0.6125,10.574340820312498
0.615,5.958557128906248
0.6175,2.4337768554687496
0.62,3.356933593749999
0.6225,4.783630371093749
0.625,5.538940429687499
0.6275,2.3498535156249996
0.63,-0.8392333984374998
0.6325,-2.6016235351562496
0.635,-1.1749267578124998
0.6375,0.16784667968749997
0.64,3.6087036132812496
0.6425,6.797790527343748
0.645,3.776550292968749
0.6475,-0.25177001953124994
0.65,-4.867553710937499
0.6525,-6.713867187499998
0.655,-8.308410644531248
0.6575,-9.147644042968748
0.66,-8.811950683593748
0.6625,-4.280090332031249
0.665,0.33569335937499994
0.6675,-0.4196166992187499
0.67,-1.8463134765624996
0.6725,-4.196166992187499
0.675,-5.538940429687499
0.6775,-3.273010253906249
0.68,-0.9231567382812498
0.6825,-3.524780273437499
0.685,-8.728027343749998
0.6875,-9.063720703124998
0.69,-4.699707031249999
0.6925,-0.6713867187499999
0.695,-1.5106201171874996
0.6975,-6.881713867187498
0.7,-9.147644042968748
0.7025,-5.455017089843749
0.705,0.33569335937499994
0.7075,-0.9231567382812498
0.71,-3.776550292968749
0.7125,-6.462097167968749
0.715,-6.629943847656248
0.7175,-5.455017089843749
0.72,-1.3427734374999998
0.7225,1.2588500976562496
0.725,2.3498535156249996
0.7275,0.33569335937499994
0.73,-4.028320312499999
0.7325,-6.713867187499998
0.735,-6.126403808593748
0.7375,-4.196166992187499
0.74,-1.1749267578124998
0.7425,-1.4266967773437498
0.745,-1.5106201171874996
0.7475,0.7553100585937498
0.75,4.867553710937499
0.7525,7.133483886718749
0.755,2.4337768554687496
0.7575,-1.0910034179687498
0.76,-0.5035400390624999
0.7625,4.364013671874999
0.765,13.343811035156248
0.7675,16.113281249999996
0.77,12.252807617187496
0.7725,6.378173828124999
0.775,3.944396972656249
0.7775,-0.33569335937499994
0.78,-6.210327148437499
0.7825,-5.874633789062498
0.785,-2.937316894531249
0.7875,-1.9302368164062496
0.79,-1.4266967773437498
0.7925,-1.9302368164062496
0.795,-3.021240234374999
0.7975,1.6784667968749996
0.8,5.371093749999999
0.8025,5.874633789062498
0.805,6.378173828124999
0.8075,9.567260742187498
0.81,5.874633789062498
0.8125,0.4196166992187499
0.815,-4.112243652343749
0.8175,-6.546020507812498
0.82,-8.895874023437498
0.8225,-12.001037597656248
0.825,-12.756347656249998
0.8275,-7.972717285156247
0.83,-2.517700195312499
0.8325,-1.9302368164062496
0.835,-4.447937011718749
0.8375,-4.951477050781249
0.84,-5.622863769531249
0.8425,-4.699707031249999
0.845,-4.447937011718749
0.8475,-7.385253906249998
0.85,-9.902954101562498
0.8525,-10.238647460937496
0.855,-5.874633789062498
0.8575,-6.546020507812498
0.86,-10.070800781249996
0.8625,-10.742187499999998
0.865,-8.728027343749998
0.8675,-6.881713867187498
0.87,-5.371093749999999
0.8725,-3.524780273437499
0.875,-5.287170410156249
0.8775,-6.294250488281249
0.88,-7.637023925781249
0.8825,-7.553100585937498
0.885,-0.6713867187499999
0.8875,1.6784667968749996
0.89,-2.3498535156249996
0.8925,-4.364013671874999
0.895,-4.951477050781249
0.8975,-7.720947265624998
0.9,-12.084960937499996
0.9025,-14.770507812499996
0.905,-11.245727539062498
0.9075,-4.280090332031249
0.91,-3.692626953124999
0.9125,-7.301330566406248
0.915,-8.895874023437498
0.9175,-6.629943847656248
0.92,-1.9302368164062496
0.9225,4.112243652343749
0.925,7.888793945312498
0.9275,6.797790527343748
0.93,5.035400390624998
0.9325,5.287170410156249
0.935,5.538940429687499
0.9375,7.469177246093748
0.94,9.315490722656246
0.9425,10.910034179687498
0.945,8.224487304687498
0.9475,2.0141601562499996
0.95,-2.7694702148437496
0.9525,-6.881713867187498
0.955,-9.986877441406248
0.9575,-9.483337402343748
0.96,-9.986877441406248
0.9625,-9.902954101562498
0.965,-9.819030761718748
0.9675,-9.483337402343748
0.97,-10.574340820312498
0.9725,-13.092041015624996
0.975,-12.168884277343748
0.9775,-7.217407226562499
0.98,-2.1820068359374996
0.9825,-2.1820068359374996
0.985,-2.2659301757812496
0.9875,0.7553100585937498
0.99,-0.4196166992187499
0.9925,-5.622863769531249
0.995,-10.910034179687498
0.9975,-11.413574218749998
1.0,-11.413574218749998
1.0025,-12.084960937499996
1.005,-7.385253906249998
1.0075,2.2659301757812496
1.01,7.217407226562499
1.0125,7.553100585937498
1.015,6.965637207031248
1.0175,8.560180664062498
1.02,7.049560546874998
1.0225,4.280090332031249
1.025,5.538940429687499
1.0275,7.804870605468747
1.03,5.203247070312499
1.0325,3.692626953124999
1.035,1.1749267578124998
1.0375,-0.7553100585937498
1.04,-0.16784667968749997
1.0425,4.531860351562499
1.045,9.063720703124998
1.0475,10.574340820312498
1.05,8.979797363281248
1.0525,1.2588500976562496
1.055,-6.378173828124999
1.0575,-7.972717285156247
1.06,-2.7694702148437496
1.0625,1.7623901367187496
1.065,5.874633789062498
1.0675,7.637023925781249
1.07,6.210327148437499
1.0725,1.8463134765624996
1.075,0.5874633789062499
1.0775,3.021240234374999
1.08,2.1820068359374996
1.0825,-1.2588500976562496
1.085,-2.6016235351562496
1.0875,0.0
1.09,4.364013671874999
1.0925,6.042480468749998
1.095,4.364013671874999
1.0975,2.6016235351562496
1.1,1.5945434570312498
1.1025,2.0980834960937496
1.105,5.622863769531249
1.1075,7.469177246093748
1.11,7.553100585937498
1.1125,4.615783691406249
1.115,1.4266967773437498
1.1175,-0.08392333984374999
1.12,2.1820068359374996
1.1225,4.112243652343749
1.125,7.049560546874998
1.1275,7.301330566406248
1.13,7.385253906249998
1.1325,5.706787109374999
1.135,0.33569335937499994
1.1375,-0.5035400390624999
1.14,3.1890869140624996
1.1425,5.958557128906248
1.145,11.497497558593748
1.1475,12.756347656249998
1.15,8.308410644531248
1.1525,5.035400390624998
1.155,5.622863769531249
1.1575,4.280090332031249
1.16,0.5874633789062499
1.1625,-0.16784667968749997
1.165,5.203247070312499
1.1675,9.986877441406248
1.17,10.406494140624998
1.1725,6.713867187499998
1.175,2.4337768554687496
1.1775,0.5874633789062499
1.18,1.3427734374999998
1.1825,5.790710449218748
1.185,10.910034179687498
1.1875,10.490417480468748
1.19,8.308410644531248
1.1925,8.476257324218748
1.195,11.665344238281248
1.1975,10.406494140624998
1.2,2.3498535156249996
1.2025,-1.5106201171874996
1.205,1.8463134765624996
1.2075,6.042480468749998
1.21,8.392333984374998
1.2125,9.567260742187498
1.215,12.924194335937498
1.2175,17.791748046874996
1.22,17.623901367187496
1.2225,15.190124511718748
1.225,12.756347656249998
1.2275,13.679504394531248
1.23,18.127441406249996
1.2325,16.448974609374996
1.235,12.168884277343748
1.2375,9.147644042968748
1.24,10.574340820312498
1.2425,15.190124511718748
1.245,21.903991699218746
1.2475,23.246765136718743
1.25,21.232604980468746
1.2525,12.840270996093746
1.255,5.455017089843749
1.2575,3.524780273437499
1.26,5.958557128906248
1.2625,9.735107421874998
1.265,10.070800781249996
1.2675,6.378173828124999
1.27,3.944396972656249
1.2725,5.119323730468748
1.275,5.035400390624998
1.2775,2.6855468749999996
1.28,-0.9231567382812498
1.2825,-3.021240234374999
1.285,0.25177001953124994
1.2875,9.315490722656246
1.29,13.679504394531248
1.2925,6.965637207031248
1.295,-3.6087036132812496
1.2975,-8.308410644531248
1.3,-7.385253906249998
1.3025,-4.112243652343749
1.305,-3.273010253906249
1.3075,-3.1051635742187496
1.31,-1.9302368164062496
1.3125,-0.16784667968749997
1.315,-2.2659301757812496
1.3175,-4.028320312499999
1.32,-5.538940429687499
1.3225,-3.776550292968749
1.325,-0.33569335937499994
1.3275,0.5035400390624999
1.33,-3.1890869140624996
1.3325,-10.490417480468748
1.335,-14.518737792968746
1.3375,-15.609741210937495
1.34,-16.952514648437496
1.3425,-13.511657714843748
1.345,-8.979797363281248
1.3475,-8.811950683593748
1.35,-10.826110839843746
1.3525,-9.399414062499998
1.355,-4.364013671874999
1.3575,-0.8392333984374998
1.36,-3.1890869140624996
1.3625,-8.308410644531248
1.365,-12.420654296874998
1.3675,-11.917114257812496
1.37,-7.301330566406248
1.3725,-6.294250488281249
1.375,-7.553100585937498
1.3775,-9.902954101562498
1.38,-12.756347656249998
1.3825,-13.679504394531248
1.385,-15.274047851562498
1.3875,-17.036437988281246
1.39,-16.365051269531246
1.3925,-15.777587890624996
1.395,-15.106201171874996
1.3975,-14.434814453124998
1.4,-11.413574218749998
1.4025,-4.951477050781249
1.405,-0.33569335937499994
1.4075,-1.2588500976562496
1.41,-3.944396972656249
1.4125,-5.958557128906248
1.415,-8.308410644531248
1.4175,-11.329650878906248
1.42,-10.406494140624998
1.4225,-11.161804199218746
1.425,-13.679504394531248
1.4275,-12.001037597656248
1.43,-11.497497558593748
1.4325,-11.665344238281248
1.435,-10.742187499999998
1.4375,-9.735107421874998
1.44,-10.574340820312498
1.4425,-12.672424316406246
1.445,-12.756347656249998
1.4475,-9.567260742187498
1.45,-6.546020507812498
1.4525,-4.951477050781249
1.455,-3.524780273437499
1.4575,-5.035400390624998
1.46,-7.553100585937498
1.4625,-9.315490722656246
1.465,-10.238647460937496
1.4675,-12.252807617187496
1.47,-10.406494140624998
1.4725,-7.217407226562499
1.475,-7.217407226562499
1.4775,-10.574340820312498
1.48,-12.252807617187496
1.4825,-13.931274414062496
1.485,-15.525817871093748
1.4875,-13.008117675781246
1.49,-8.308410644531248
1.4925,-5.203247070312499
1.495,-5.874633789062498
1.4975,-7.301330566406248
1.5,-8.979797363281248
1.5025,-4.028320312499999
1.505,1.7623901367187496
1.5075,4.951477050781249
1.51,1.1749267578124998
1.5125,-3.860473632812499
1.515,-7.301330566406248
1.5175,-9.902954101562498
1.52,-11.497497558593748
1.5225,-12.420654296874998
1.525,-12.084960937499996
1.5275,-9.483337402343748
1.53,-7.469177246093748
1.5325,-6.713867187499998
1.535,-4.531860351562499
1.5375,-5.287170410156249
1.54,-6.713867187499998
1.5425,-4.615783691406249
1.545,-0.9231567382812498
1.5475,1.8463134765624996
1.55,2.0980834960937496
1.5525,-0.7553100585937498
1.555,-1.5945434570312498
1.5575,-0.33569335937499994
1.56,0.7553100585937498
1.5625,1.8463134765624996
1.565,4.112243652343749
1.5675,3.524780273437499
1.57,2.2659301757812496
1.5725,-0.6713867187499999
1.575,-4.531860351562499
1.5775,-4.867553710937499
1.58,-3.692626953124999
1.5825,-3.356933593749999
1.585,-2.6016235351562496
1.5875,1.5106201171874996
1.59,4.951477050781249
1.5925,5.203247070312499
1.595,-0.6713867187499999
1.5975,-8.476257324218748
1.6,-10.742187499999998
1.6025,-7.049560546874998
1.605,0.4196166992187499
1.6075,3.6087036132812496
1.61,2.3498535156249996
1.6125,0.16784667968749997
1.615,-5.371093749999999
1.6175,-8.476257324218748
1.62,-9.315490722656246
1.6225,-11.329650878906248
1.625,-10.238647460937496
1.6275,-5.958557128906248
1.63,-3.356933593749999
1.6325,-5.371093749999999
1.635,-9.315490722656246
1.6375,-11.497497558593748
1.64,-14.434814453124998
1.6425,-14.099121093749996
1.645,-12.001037597656248
1.6475,-9.819030761718748
1.65,-7.469177246093748
1.6525,-4.699707031249999
1.655,-2.937316894531249
1.6575,-3.524780273437499
1.66,-4.028320312499999
1.6625,-6.797790527343748
1.665,-9.231567382812498
1.6675,-8.728027343749998
1.67,-8.811950683593748
1.6725,-9.231567382812498
1.675,-6.881713867187498
1.6775,-5.455017089843749
1.68,-6.881713867187498
1.6825,-7.385253906249998
1.685,-6.797790527343748
1.6875,-2.4337768554687496
1.69,2.8533935546874996
1.6925,-0.5874633789062499
1.695,-5.706787109374999
1.6975,-5.958557128906248
1.7,-5.706787109374999
1.7025,-7.972717285156247
1.705,-11.329650878906248
1.7075,-12.084960937499996
1.71,-9.902954101562498
1.7125,-9.399414062499998
1.715,-13.175964355468746
1.7175,-14.434814453124998
1.72,-13.847351074218746
1.7225,-13.092041015624996
1.725,-9.819030761718748
1.7275,-7.049560546874998
1.73,-6.965637207031248
1.7325,-7.133483886718749
1.735,-7.720947265624998
1.7375,-11.665344238281248
1.74,-17.456054687499996
1.7425,-15.106201171874996
1.745,-11.077880859374998
1.7475,-8.895874023437498
1.75,-5.874633789062498
1.7525,-8.476257324218748
1.755,-12.588500976562498
1.7575,-15.693664550781246
1.76,-14.266967773437498
1.7625,-11.833190917968748
1.765,-13.427734374999996
1.7675,-12.672424316406246
1.77,-7.888793945312498
1.7725,-5.706787109374999
1.775,-5.958557128906248
1.7775,-7.301330566406248
1.78,-10.322570800781248
1.7825,-11.413574218749998
1.785,-8.476257324218748
1.7875,-5.203247070312499
1.79,-7.049560546874998
1.7925,-9.399414062499998
1.795,-11.413574218749998
1.7975,-15.022277832031246
1.8,-15.022277832031246
1.8025,-16.197204589843746
1.805,-18.798828124999996
1.8075,-17.204284667968746
1.81,-14.770507812499996
1.8125,-15.441894531249996
1.815,-17.623901367187496
1.8175,-14.938354492187496
1.82,-4.783630371093749
1.8225,0.5035400390624999
1.825,-0.33569335937499994
1.8275,-0.5874633789062499
1.83,0.08392333984374999
1.8325,1.0070800781249998
1.835,1.9302368164062496
1.8375,2.937316894531249
1.84,5.119323730468748
1.8425,9.902954101562498
1.845,9.399414062499998
1.8475,3.273010253906249
1.85,-3.692626953124999
1.8525,-9.986877441406248
1.855,-15.525817871093748
1.8575,-18.463134765624996
1.86,-21.652221679687493
1.8625,-20.645141601562496
1.865,-16.281127929687496
1.8675,-11.665344238281248
1.87,-9.735107421874998
1.8725,-11.665344238281248
1.875,-10.238647460937496
1.8775,-6.210327148437499
1.88,-9.147644042968748
1.8825,-12.420654296874998
1.885,-11.833190917968748
1.8875,-7.804870605468747
1.89,-6.042480468749998
1.8925,-8.979797363281248
1.895,-12.084960937499996
1.8975,-13.931274414062496
1.9,-13.343811035156248
1.9025,-7.804870605468747
1.905,-4.615783691406249
1.9075,-6.713867187499998
1.91,-10.658264160156248
1.9125,-11.833190917968748
1.915,-13.763427734374996
1.9175,-14.602661132812496
1.92,-14.434814453124998
1.9225,-13.092041015624996
1.925,-13.259887695312496
1.9275,-14.350891113281246
1.93,-16.616821289062496
1.9325,-17.959594726562496
1.935,-17.288208007812496
1.9375,-14.686584472656246
1.94,-10.826110839843746
1.9425,-7.133483886718749
1.945,-4.447937011718749
1.9475,-4.280090332031249
1.95,-7.637023925781249
1.9525,-10.826110839843746
1.955,-12.504577636718746
1.9575,-16.448974609374996
1.96,-22.827148437499996
1.9625,-24.589538574218746
1.965,-22.155761718749996
1.9675,-19.218444824218743
1.97,-16.448974609374996
1.9725,-18.630981445312493
1.975,-23.078918457031246
1.9775,-24.505615234374993
1.98,-24.337768554687496
1.9825,-21.987915039062493
1.985,-20.729064941406243
1.9875,-18.379211425781246
1.99,-17.288208007812496
1.9925,-17.791748046874996
1.995,-17.288208007812496
1.9975,-19.386291503906246
2.0,-20.561218261718746
2.0025,-19.386291503906246
2.005,-16.616821289062496
2.0075,-16.113281249999996
2.01,-19.386291503906246
2.0125,-24.757385253906243
2.015,-27.526855468749993
2.0175,-26.268005371093743
2.02,-22.407531738281246
2.0225,-16.700744628906246
2.025,-11.917114257812496
2.0275,-9.483337402343748
2.03,-14.434814453124998
2.0325,-17.875671386718746
2.035,-18.463134765624996
2.0375,-18.211364746093746
2.04,-19.218444824218743
2.0425,-15.693664550781246
2.045,-9.986877441406248
2.0475,-12.924194335937498
2.05,-18.127441406249996
2.0525,-21.148681640624996
2.055,-19.386291503906246
2.0575,-14.099121093749996
2.06,-10.238647460937496
2.0625,-9.735107421874998
2.065,-7.720947265624998
2.0675,-1.7623901367187496
2.07,-7.217407226562499
2.0725,-13.092041015624996
2.075,-17.875671386718746
2.0775,-21.987915039062493
2.08,-20.225524902343746
2.0825,-15.777587890624996
2.085,-11.665344238281248
2.0875,-8.224487304687498
2.09,-6.965637207031248
2.0925,-6.797790527343748
2.095,-2.0141601562499996
2.0975,-1.9302368164062496
2.1,-7.217407226562499
2.1025,-13.008117675781246
2.105,-15.274047851562498
2.1075,-13.092041015624996
2.11,-11.749267578124996
2.1125,-12.504577636718746
2.115,-15.777587890624996
2.1175,-18.295288085937496
2.12,-18.547058105468746
2.1225,-15.106201171874996
2.125,-9.147644042968748
2.1275,-7.720947265624998
2.13,-10.826110839843746
2.1325,-15.693664550781246
2.135,-17.623901367187496
2.1375,-18.547058105468746
2.14,-22.491455078124996
2.1425,-18.966674804687496
2.145,-11.077880859374998
2.1475,-9.063720703124998
2.15,-11.917114257812496
2.1525,-17.372131347656246
2.155,-20.225524902343746
2.1575,-18.714904785156246
2.16,-13.008117675781246
2.1625,-8.224487304687498
2.165,-7.469177246093748
2.1675,-11.581420898437496
2.17,-17.539978027343746
2.1725,-22.071838378906246
2.175,-22.323608398437493
2.1775,-21.064758300781243
2.18,-21.568298339843746
2.1825,-20.645141601562496
2.185,-17.036437988281246
2.1875,-18.127441406249996
2.19,-19.721984863281246
2.1925,-22.911071777343743
2.195,-28.366088867187493
2.1975,-31.80694580078124
2.2,-31.89086914062499
2.2025,-29.876708984374993
2.205,-27.610778808593746
2.2075,-26.939392089843743
2.21,-22.071838378906246
2.2125,-22.911071777343743
2.215,-27.526855468749993
2.2175,-28.533935546874996
2.22,-29.708862304687493
2.2225,-30.967712402343743
2.225,-29.289245605468743
2.2275,-23.498535156249993
2.23,-20.561218261718746
2.2325,-20.225524902343746
2.235,-21.064758300781243
2.2375,-23.666381835937496
2.24,-24.002075195312496
2.2425,-25.260925292968746
2.245,-26.519775390624993
2.2475,-24.841308593749996
2.25,-22.743225097656246
2.2525,-20.393371582031246
2.255,-22.407531738281246
2.2575,-26.603698730468743
2.26,-25.512695312499996
2.2625,-21.820068359374996
2.265,-21.484374999999996
2.2675,-22.407531738281246
2.27,-18.798828124999996
2.2725,-18.547058105468746
2.275,-17.204284667968746
2.2775,-21.820068359374996
2.28,-29.541015624999993
2.2825,-32.05871582031249
2.285,-31.303405761718743
2.2875,-29.876708984374993
2.29,-26.100158691406246
2.2925,-24.505615234374993
2.295,-24.337768554687496
2.2975,-23.162841796874993
2.3,-20.393371582031246
2.3025,-20.812988281249996
2.305,-20.645141601562496
2.3075,-18.966674804687496
2.31,-20.561218261718746
2.3125,-24.169921874999993
2.315,-27.359008789062496
2.3175,-28.366088867187493
2.32,-22.659301757812496
2.3225,-16.868591308593746
2.325,-17.456054687499996
2.3275,-21.736145019531246
2.33,-29.541015624999993
2.3325,-35.07995605468749
2.335,-37.849426269531236
2.3375,-36.08703613281249
2.34,-34.74426269531249
2.3425,-35.91918945312499
2.345,-37.34588623046874
2.3475,-37.849426269531236
2.35,-35.66741943359374
2.3525,-35.58349609374999
2.355,-34.57641601562499
2.3575,-31.303405761718743
2.36,-27.946472167968746
2.3625,-29.792785644531246
2.365,-35.58349609374999
2.3675,-39.27612304687499
2.37,-41.542053222656236
2.3725,-38.26904296874999
2.375,-36.17095947265624
2.3775,-37.34588623046874
2.38,-35.83526611328124
2.3825,-33.98895263671874
2.385,-34.24072265624999
2.3875,-35.415649414062486
2.39,-34.07287597656249
2.3925,-28.533935546874996
2.395,-24.085998535156243
2.3975,-23.582458496093746
2.4,-25.596618652343743
2.4025,-28.030395507812493
2.405,-29.960632324218743
2.4075,-30.212402343749993
2.41,-26.771545410156246
2.4125,-23.834228515624993
2.415,-28.450012207031243
2.4175,-39.36004638671874
2.42,-47.668457031249986
2.4225,-50.27008056640624
2.425,-49.346923828124986
2.4275,-45.906066894531236
2.43,-41.12243652343749
2.4325,-37.34588623046874
2.435,-33.73718261718749
2.4375,-28.785705566406243
2.44,-29.624938964843743
2.4425,-33.73718261718749
2.445,-34.15679931640624
2.4475,-36.59057617187499
2.45,-40.11535644531249
2.4525,-42.63305664062499
2.455,-42.800903320312486
2.4575,-44.39544677734374
2.46,-47.16491699218749
2.4625,-46.913146972656236
2.465,-42.54913330078124
2.4675,-40.53497314453124
2.47,-41.20635986328124
2.4725,-41.20635986328124
2.475,-40.870666503906236
2.4775,-41.79382324218749
2.48,-41.20635986328124
2.4825,-32.64617919921874
2.485,-25.009155273437493
2.4875,-26.855468749999993
2.49,-34.74426269531249
2.4925,-38.26904296874999
2.495,-39.36004638671874
2.4975,-39.36004638671874
2.5,-40.78674316406249
2.5025,-39.61181640624999
2.505,-34.57641601562499
2.5075,-33.48541259765624
2.51,-35.75134277343749
2.5125,-37.51373291015624
2.515,-38.10119628906249
2.5175,-37.93334960937499
2.52,-39.52789306640624
2.5225,-41.37420654296874
2.525,-41.03851318359374
2.5275,-36.67449951171874
2.53,-33.06579589843749
2.5325,-33.82110595703124
2.535,-37.76550292968749
2.5375,-42.213439941406236
2.54,-44.059753417968736
2.5425,-40.70281982421874
2.545,-35.415649414062486
2.5475,-30.715942382812493
2.55,-30.548095703124996
2.5525,-34.49249267578124
2.555,-38.60473632812499
2.5575,-40.870666503906236
2.56,-44.647216796874986
2.5625,-44.647216796874986
2.565,-43.13659667968749
2.5675,-44.89898681640624
2.57,-44.89898681640624
2.5725,-44.647216796874986
2.575,-44.14367675781249
2.5775,-45.40252685546874
2.58,-47.83630371093749
2.5825,-47.080993652343736
2.585,-43.304443359374986
2.5875,-39.108276367187486
2.59,-39.02435302734374
2.5925,-42.54913330078124
2.595,-44.059753417968736
2.5975,-42.716979980468736
2.6,-39.77966308593749
2.6025,-36.84234619140624
2.605,-35.49957275390624
2.6075,-35.83526611328124
2.61,-37.51373291015624
2.6125,-38.26904296874999
2.615,-41.62597656249999
2.6175,-46.493530273437486
2.62,-47.16491699218749
2.6225,-44.647216796874986
2.625,-39.02435302734374
2.6275,-35.07995605468749
2.63,-35.75134277343749
2.6325,-40.283203124999986
2.635,-46.493530273437486
2.6375,-49.17907714843749
2.64,-45.822143554687486
2.6425,-40.11535644531249
2.645,-35.83526611328124
2.6475,-36.42272949218749
2.65,-38.94042968749999
2.6525,-40.61889648437499
2.655,-43.13659667968749
2.6575,-46.409606933593736
2.66,-49.26300048828124
2.6625,-49.85046386718749
2.665,-48.255920410156236
2.6675,-43.975830078124986
2.67,-39.108276367187486
2.6725,-38.77258300781249
2.675,-43.55621337890624
2.6775,-46.409606933593736
2.68,-48.255920410156236
2.6825,-47.83630371093749
2.685,-45.906066894531236
2.6875,-42.800903320312486
2.69,-41.542053222656236
2.6925,-42.716979980468736
2.695,-42.129516601562486
2.6975,-40.53497314453124
2.7,-41.03851318359374
2.7025,-39.108276367187486
2.705,-40.19927978515624
2.7075,-41.37420654296874
2.71,-42.129516601562486
2.7125,-44.39544677734374
2.715,-45.150756835937486
2.7175,-44.647216796874986
2.72,-41.70989990234374
2.7225,-37.93334960937499
2.725,-33.98895263671874
2.7275,-35.24780273437499
2.73,-38.68865966796874
2.7325,-42.213439941406236
2.735,-42.88482666015624
2.7375,-45.822143554687486
2.74,-48.843383789062486
2.7425,-45.48645019531249
2.745,-40.19927978515624
2.7475,-35.91918945312499
2.75,-33.14971923828124
2.7525,-29.792785644531246
2.755,-24.505615234374993
2.7575,-22.155761718749996
2.76,-22.323608398437493
2.7625,-24.002075195312496
2.765,-28.366088867187493
2.7675,-33.31756591796874
2.77,-37.17803955078124
2.7725,-41.29028320312499
2.775,-47.752380371093736
2.7775,-53.96270751953124
2.78,-55.473327636718736
2.7825,-50.94146728515624
2.785,-45.906066894531236
2.7875,-42.38128662109374
2.79,-42.800903320312486
2.7925,-42.63305664062499
2.795,-41.542053222656236
2.7975,-43.55621337890624
2.8,-48.42376708984374
2.8025,-50.35400390624999
2.805,-44.73114013671874
2.8075,-44.47937011718749
2.81,-45.738220214843736
2.8125,-47.080993652343736
2.815,-47.752380371093736
2.8175,-45.40252685546874
2.82,-43.388366699218736
2.8225,-42.54913330078124
2.825,-41.62597656249999
2.8275,-42.88482666015624
2.83,-44.89898681640624
2.8325,-42.54913330078124
2.835,-40.03143310546874
2.8375,-38.10119628906249
2.84,-39.52789306640624
2.8425,-42.04559326171874
2.845,-42.88482666015624
2.8475,-45.65429687499999
2.85,-44.22760009765624
2.8525,-41.542053222656236
2.855,-42.96874999999999
2.8575,-43.388366699218736
2.86,-41.87774658203124
2.8625,-43.975830078124986
2.865,-46.07391357421874
2.8675,-43.80798339843749
2.87,-38.26904296874999
2.8725,-39.86358642578124
2.875,-47.584533691406236
2.8775,-51.52893066406249
2.88,-50.689697265624986
2.8825,-47.50061035156249
2.885,-42.716979980468736
2.8875,-39.86358642578124
2.89,-40.870666503906236
2.8925,-41.37420654296874
2.895,-43.13659667968749
2.8975,-45.57037353515624
2.9,-43.975830078124986
2.9025,-43.64013671874999
2.905,-45.738220214843736
2.9075,-44.059753417968736
2.91,-42.38128662109374
2.9125,-43.80798339843749
2.915,-44.563293457031236
2.9175,-43.13659667968749
2.92,-37.34588623046874
2.9225,-32.47833251953124
2.925,-32.64617919921874
2.9275,-33.82110595703124
2.93,-38.60473632812499
2.9325,-40.53497314453124
2.935,-40.954589843749986
2.9375,-43.05267333984374
2.94,-44.98291015624999
2.9425,-44.73114013671874
2.945,-38.35296630859374
2.9475,-32.39440917968749
2.95,-33.31756591796874
2.9525,-40.954589843749986
2.955,-47.41668701171874
2.9575,-45.57037353515624
2.96,-39.19219970703124
2.9625,-37.68157958984374
2.965,-35.24780273437499
2.9675,-31.80694580078124
2.97,-30.715942382812493
2.9725,-31.555175781249993
2.975,-35.91918945312499
2.9775,-39.61181640624999
2.98,-43.22052001953124
2.9825,-45.98999023437499
2.985,-45.40252685546874
2.9875,-41.70989990234374
2.99,-37.17803955078124
2.9925,-35.33172607421874
2.995,-39.77966308593749
2.9975,-43.388366699218736
3.0,-42.716979980468736
3.0025,-39.02435302734374
3.005,-37.42980957031249
3.0075,-36.25488281249999
3.01,-34.82818603515624
3.0125,-32.47833251953124
3.015,-35.66741943359374
3.0175,-41.70989990234374
3.02,-49.598693847656236
3.0225,-50.52185058593749
3.025,-42.38128662109374
3.0275,-37.51373291015624
3.03,-39.695739746093736
3.0325,-46.07391357421874
3.035,-50.52185058593749
3.0375,-51.69677734374999
3.04,-47.92022705078124
3.0425,-37.93334960937499
3.045,-33.98895263671874
3.0475,-36.42272949218749
3.05,-42.88482666015624
3.0525,-49.514770507812486
3.055,-51.61285400390624
3.0575,-52.452087402343736
3.06,-50.94146728515624
3.0625,-45.234680175781236
3.065,-39.86358642578124
3.0675,-35.24780273437499
3.07,-36.59057617187499
3.0725,-42.38128662109374
3.075,-48.67553710937499
3.0775,-50.689697265624986
3.08,-49.514770507812486
3.0825,-44.98291015624999
3.085,-43.22052001953124
3.0875,-43.304443359374986
3.09,-39.77966308593749
3.0925,-36.00311279296874
3.095,-36.00311279296874
3.0975,-38.77258300781249
3.1,-40.70281982421874
3.1025,-40.19927978515624
3.105,-38.60473632812499
3.1075,-36.67449951171874
3.11,-37.51373291015624
3.1125,-40.70281982421874
3.115,-42.29736328124999
3.1175,-42.96874999999999
3.12,-40.78674316406249
3.1225,-37.93334960937499
3.125,-35.66741943359374
3.1275,-34.82818603515624
3.13,-34.74426269531249
3.1325,-36.08703613281249
3.135,-39.52789306640624
3.1375,-45.65429687499999
3.14,-46.82922363281249
3.1425,-44.647216796874986
3.145,-40.870666503906236
3.1475,-36.75842285156249
3.15,-36.08703613281249
3.1525,-40.78674316406249
3.155,-47.668457031249986
3.1575,-47.92022705078124
3.16,-43.55621337890624
3.1625,-43.72406005859374
3.165,-44.98291015624999
3.1675,-44.31152343749999
3.17,-43.304443359374986
3.1725,-39.19219970703124
3.175,-38.85650634765624
3.1775,-45.65429687499999
3.18,-53.96270751953124
3.1825,-54.801940917968736
3.185,-50.94146728515624
3.1875,-48.08807373046874
3.19,-42.800903320312486
3.1925,-40.70281982421874
3.195,-43.47229003906249
3.1975,-48.67553710937499
3.2,-52.78778076171874
3.2025,-49.011230468749986
3.205,-40.53497314453124
3.2075,-36.92626953124999
3.21,-38.68865966796874
3.2125,-39.52789306640624
3.215,-42.29736328124999
3.2175,-44.98291015624999
3.22,-45.31860351562499
3.2225,-46.15783691406249
3.225,-48.00415039062499
3.2275,-45.738220214843736
3.23,-43.55621337890624
3.2325,-41.79382324218749
3.235,-41.70989990234374
3.2375,-46.15783691406249
3.24,-48.08807373046874
3.2425,-47.83630371093749
3.245,-48.00415039062499
3.2475,-44.98291015624999
3.25,-44.31152343749999
3.2525,-45.906066894531236
3.255,-50.186157226562486
3.2575,-53.54309082031249
3.26,-54.801940917968736
3.2625,-55.137634277343736
3.265,-55.80902099609374
3.2675,-53.96270751953124
3.27,-50.018310546874986
3.2725,-50.43792724609374
3.275,-54.885864257812486
3.2775,-60.089111328124986
3.28,-62.522888183593736
3.2825,-58.99810791015624
3.285,-55.389404296874986
3.2875,-51.61285400390624
3.29,-45.906066894531236
3.2925,-41.87774658203124
3.295,-41.20635986328124
3.2975,-46.74530029296874
3.3,-50.43792724609374
3.3025,-46.66137695312499
3.305,-46.74530029296874
3.3075,-46.82922363281249
3.31,-48.255920410156236
3.3125,-52.032470703124986
3.315,-55.22155761718749
3.3175,-57.487487792968736
3.32,-55.641174316406236
3.3225,-51.445007324218736
3.325,-51.02539062499999
3.3275,-53.794860839843736
3.33,-56.48040771484374
3.3325,-58.494567871093736
3.335,-60.340881347656236
3.3375,-60.424804687499986
3.34,-56.900024414062486
3.3425,-58.074951171874986
3.345,-59.249877929687486
3.3475,-53.37524414062499
3.35,-48.927307128906236
3.3525,-50.52185058593749
3.355,-50.94146728515624
3.3575,-54.466247558593736
3.36,-59.669494628906236
3.3625,-58.99810791015624
3.365,-52.452087402343736
3.3675,-49.011230468749986
3.37,-52.032470703124986
3.3725,-57.15179443359374
3.375,-58.074951171874986
3.3775,-58.158874511718736
3.38,-61.767578124999986
3.3825,-61.012268066406236
3.385,-55.557250976562486
3.3875,-51.193237304687486
3.39,-48.339843749999986
3.3925,-52.11639404296874
3.395,-59.58557128906249
3.3975,-65.46020507812499
3.4,-67.97790527343749
3.4025,-68.39752197265624
3.405,-67.22259521484374
3.4075,-63.02642822265623
3.41,-60.76049804687499
3.4125,-59.165954589843736
3.415,-60.256958007812486
3.4175,-61.347961425781236
3.42,-61.09619140624999
3.4225,-61.012268066406236
3.425,-58.494567871093736
3.4275,-53.627014160156236
3.43,-50.018310546874986
3.4325,-50.27008056640624
3.435,-55.97686767578124
3.4375,-60.844421386718736
3.44,-63.362121582031236
3.4425,-61.68365478515624
3.445,-59.753417968749986
3.4475,-60.592651367187486
3.45,-60.340881347656236
3.4525,-59.165954589843736
3.455,-60.76049804687499
3.4575,-63.362121582031236
3.46,-64.11743164062499
3.4625,-65.04058837890624
3.465,-61.09619140624999
3.4675,-53.627014160156236
3.47,-51.948547363281236
3.4725,-54.969787597656236
3.475,-59.921264648437486
3.4775,-63.02642822265623
3.48,-63.02642822265623
3.4825,-61.180114746093736
3.485,-59.669494628906236
3.4875,-55.641174316406236
3.49,-53.37524414062499
3.4925,-55.97686767578124
3.495,-56.48040771484374
3.4975,-59.753417968749986
3.5,-64.36920166015624
3.5025,-66.21551513671874
3.505,-66.55120849609374
3.5075,-62.606811523437486
3.51,-58.91418457031249
3.5125,-56.48040771484374
3.515,-59.669494628906236
3.5175,-63.78173828124998
3.52,-65.62805175781249
3.5225,-63.86566162109374
3.525,-63.02642822265623
3.5275,-64.11743164062499
3.53,-63.86566162109374
3.5325,-61.599731445312486
3.535,-60.592651367187486
3.5375,-61.26403808593748
3.54,-60.17303466796874
3.5425,-56.732177734374986
3.545,-53.627014160156236
3.5475,-52.032470703124986
3.55,-54.550170898437486
3.5525,-56.816101074218736
3.555,-57.571411132812486
3.5575,-60.17303466796874
3.56,-62.10327148437499
3.5625,-57.15179443359374
3.565,-52.78778076171874
3.5675,-52.78778076171874
3.57,-58.410644531249986
3.5725,-62.774658203124986
3.575,-63.78173828124998
3.5775,-61.09619140624999
3.58,-59.58557128906249
3.5825,-58.494567871093736
3.585,-56.060791015624986
3.5875,-58.99810791015624
3.59,-62.85858154296874
3.5925,-66.29943847656249
3.595,-65.29235839843749
3.5975,-64.70489501953124
3.6,-64.11743164062499
3.6025,-65.29235839843749
3.605,-64.78881835937499
3.6075,-61.85150146484373
3.61,-56.816101074218736
3.6125,-52.703857421874986
3.615,-53.207397460937486
3.6175,-56.648254394531236
3.62,-60.005187988281236
3.6225,-58.746337890624986
3.625,-53.627014160156236
3.6275,-45.738220214843736
3.63,-37.51373291015624
3.6325,-35.83526611328124
3.635,-42.04559326171874
3.6375,-53.123474121093736
3.64,-61.51580810546874
3.6425,-64.53704833984374
3.645,-65.29235839843749
3.6475,-64.53704833984374
3.65,-62.019348144531236
3.6525,-63.02642822265623
3.655,-66.88690185546874
3.6575,-68.81713867187499
3.66,-68.98498535156249
3.6625,-67.39044189453124
3.665,-65.62805175781249
3.6675,-64.28527832031249
3.67,-62.85858154296874
3.6725,-63.86566162109374
3.675,-65.46020507812499
3.6775,-62.187194824218736
3.68,-57.235717773437486
3.6825,-56.816101074218736
3.685,-61.09619140624999
3.6875,-62.69073486328124
3.69,-65.54412841796874
3.6925,-72.00622558593749
3.695,-77.20947265624999
3.6975,-77.96478271484374
3.7,-76.53808593749999
3.7025,-72.42584228515624
3.705,-65.37628173828124
3.7075,-62.606811523437486
3.71,-63.61389160156248
3.7125,-69.57244873046874
3.715,-71.58660888671874
3.7175,-66.71905517578124
3.72,-61.51580810546874
3.7225,-60.676574707031236
3.725,-62.774658203124986
3.7275,-64.20135498046874
3.73,-64.03350830078124
3.7325,-64.11743164062499
3.735,-64.53704833984374
3.7375,-69.06890869140624
3.74,-73.60076904296874
3.7425,-73.26507568359374
3.745,-70.49560546874999
3.7475,-65.29235839843749
3.75,-65.20843505859374
3.7525,-70.83129882812497
3.755,-77.20947265624999
3.7575,-81.15386962890622
3.76,-82.49664306640622
3.7625,-79.55932617187499
3.765,-75.11138916015622
3.7675,-71.92230224609374
3.77,-70.15991210937499
3.7725,-68.31359863281249
3.775,-65.04058837890624
3.7775,-65.04058837890624
3.78,-68.73321533203124
3.7825,-76.11846923828124
3.785,-81.57348632812499
3.7875,-79.81109619140624
3.79,-75.95062255859374
3.7925,-73.26507568359374
3.795,-72.84545898437499
3.7975,-71.92230224609374
3.8,-72.34191894531249
3.8025,-71.16699218749999
3.805,-67.55828857421874
3.8075,-65.29235839843749
3.81,-69.06890869140624
3.8125,-74.60784912109374
3.815,-78.55224609374999
3.8175,-78.72009277343749
3.82,-76.20239257812499
3.8225,-73.68469238281249
3.825,-71.08306884765624
3.8275,-69.15283203124999
3.83,-69.74029541015624
3.8325,-71.41876220703122
3.835,-71.50268554687499
3.8375,-70.99914550781249
3.84,-69.90814208984374
3.8425,-64.03350830078124
3.845,-59.669494628906236
3.8475,-60.508728027343736
3.85,-65.29235839843749
3.8525,-71.41876220703122
3.855,-74.52392578124997
3.8575,-74.94354248046874
3.86,-77.79693603515624
3.8625,-77.71301269531249
3.865,-75.44708251953124
3.8675,-72.09014892578124
3.87,-73.51684570312499
3.8725,-75.36315917968749
3.875,-78.88793945312499
3.8775,-84.34295654296874
3.88,-84.93041992187499
3.8825,-79.22363281249999
3.885,-72.50976562499999
3.8875,-69.23675537109374
3.89,-68.73321533203124
3.8925,-69.90814208984374
3.895,-74.35607910156249
3.8975,-79.97894287109372
3.9,-80.90209960937499
3.9025,-78.55224609374999
3.905,-76.87377929687497
3.9075,-76.03454589843749
3.91,-76.62200927734374
3.9125,-79.39147949218747
3.915,-82.41271972656249
3.9175,-81.90917968749997
3.92,-78.97186279296874
3.9225,-74.69177246093749
3.925,-70.41168212890624
3.9275,-73.60076904296874
3.93,-80.39855957031249
3.9325,-85.09826660156249
3.935,-87.19635009765622
3.9375,-88.62304687499999
3.94,-90.04974365234374
3.9425,-87.53204345703122
3.945,-84.34295654296874
3.9475,-83.41979980468749
3.95,-85.18218994140624
3.9525,-88.45520019531249
3.955,-88.37127685546872
3.9575,-85.51788330078124
3.96,-84.17510986328124
3.9625,-85.26611328124999
3.965,-86.02142333984372
3.9675,-86.27319335937499
3.97,-87.11242675781249
3.9725,-86.60888671874997
3.975,-85.85357666015624
3.9775,-86.69281005859374
3.98,-87.44812011718749
3.9825,-85.18218994140624
3.985,-82.66448974609374
3.9875,-77.96478271484374
3.99,-74.69177246093749
3.9925,-76.11846923828124
3.995,-81.15386962890622
3.9975,-86.60888671874997
4.0,-87.86773681640624
4.0025,-84.25903320312497
4.005,-77.29339599609374
4.0075,-73.26507568359374
4.01,-72.76153564453124
4.0125,-76.20239257812499
4.015,-78.30047607421874
4.0175,-79.55932617187499
4.02,-82.41271972656249
4.0225,-83.58764648437499
4.025,-84.09118652343749
4.0275,-81.82525634765624
4.03,-78.97186279296874
4.0325,-79.05578613281249
4.035,-81.23779296874999
4.0375,-84.76257324218749
4.04,-89.63012695312499
4.0425,-92.14782714843749
4.045,-91.14074707031249
4.0475,-85.26611328124999
4.05,-79.22363281249999
4.0525,-78.46832275390624
4.055,-81.90917968749997
4.0575,-85.60180664062497
4.06,-87.36419677734372
4.0625,-86.60888671874997
4.065,-86.27319335937499
4.0675,-82.74841308593749
4.07,-81.65740966796874
4.0725,-84.84649658203122
4.075,-90.46936035156247
4.0775,-96.17614746093749
4.08,-98.27423095703122
4.0825,-93.49060058593749
4.085,-86.35711669921874
4.0875,-83.08410644531247
4.09,-82.74841308593749
4.0925,-83.67156982421872
4.095,-82.91625976562497
4.0975,-80.98602294921874
4.1,-77.12554931640624
4.1025,-77.96478271484374
4.105,-78.97186279296874
4.1075,-78.72009277343749
4.11,-80.90209960937499
4.1125,-86.86065673828124
4.115,-90.04974365234374
4.1175,-88.79089355468749
4.12,-88.95874023437499
4.1225,-90.46936035156247
4.125,-88.45520019531249
4.1275,-83.33587646484374
4.13,-80.39855957031249
4.1325,-81.06994628906249
4.135,-81.15386962890622
4.1375,-78.97186279296874
4.14,-78.38439941406249
4.1425,-78.72009277343749
4.145,-76.53808593749999
4.1475,-73.34899902343749
4.15,-74.52392578124997
4.1525,-81.06994628906249
4.155,-86.60888671874997
4.1575,-88.95874023437499
4.16,-87.36419677734372
4.1625,-86.52496337890624
4.165,-86.69281005859374
4.1675,-86.35711669921874
4.17,-86.60888671874997
4.1725,-85.43395996093747
4.175,-86.60888671874997
4.1775,-86.27319335937499
4.18,-82.91625976562497
4.1825,-81.99310302734374
4.185,-81.74133300781247
4.1875,-81.65740966796874
4.19,-82.58056640624999
4.1925,-82.91625976562497
4.195,-82.74841308593749
4.1975,-82.66448974609374
4.2,-83.50372314453124
4.2025,-84.42687988281247
4.205,-86.77673339843747
4.2075,-89.96582031249999
4.21,-91.64428710937497
4.2125,-93.40667724609372
4.215,-93.74237060546874
4.2175,-88.45520019531249
4.22,-82.32879638671872
4.2225,-80.14678955078124
4.225,-83.75549316406249
4.2275,-90.38543701171874
4.23,-95.67260742187499
4.2325,-97.43499755859374
4.235,-93.91021728515624
4.2375,-88.45520019531249
4.24,-87.78381347656247
4.2425,-89.46228027343749
4.245,-88.95874023437499
4.2475,-85.18218994140624
4.25,-85.51788330078124
4.2525,-88.45520019531249
4.255,-90.97290039062499
4.2575,-91.81213378906247
4.26,-89.37835693359374
4.2625,-85.01434326171872
4.265,-80.98602294921874
4.2675,-75.95062255859374
4.27,-73.93646240234372
4.2725,-81.23779296874999
4.275,-93.57452392578122
4.2775,-99.61700439453122
4.28,-97.68676757812497
4.2825,-93.49060058593749
4.285,-91.39251708984374
4.2875,-90.04974365234374
4.29,-87.61596679687499
4.2925,-87.19635009765622
4.295,-89.88189697265622
4.2975,-90.97290039062499
4.3,-90.80505371093749
4.3025,-92.06390380859372
4.305,-92.06390380859372
4.3075,-87.02850341796874
4.31,-81.15386962890622
4.3125,-80.81817626953124
4.315,-85.51788330078124
4.3175,-90.97290039062499
4.32,-91.97998046874999
4.3225,-90.30151367187497
4.325,-87.61596679687499
4.3275,-84.84649658203122
4.33,-83.50372314453124
4.3325,-80.98602294921874
4.335,-80.48248291015624
4.3375,-83.25195312499999
4.34,-87.78381347656247
4.3425,-88.28735351562499
4.345,-84.34295654296874
4.3475,-79.64324951171874
4.35,-78.30047607421874
4.3525,-78.46832275390624
4.355,-80.73425292968747
4.3575,-83.75549316406249
4.36,-85.01434326171872
4.3625,-85.93749999999999
4.365,-86.60888671874997
4.3675,-86.27319335937499
4.37,-85.26611328124999
4.3725,-83.67156982421872
4.375,-83.75549316406249
4.3775,-83.00018310546874
4.38,-82.66448974609374
4.3825,-81.48956298828124
4.385,-82.07702636718749
4.3875,-81.65740966796874
4.39,-81.48956298828124
4.3925,-82.58056640624999
4.395,-86.60888671874997
4.3975,-89.79797363281249
4.4,-90.46936035156247
4.4025,-88.45520019531249
4.405,-85.76965332031249
4.4075,-86.18927001953122
4.41,-83.50372314453124
4.4125,-82.66448974609374
4.415,-85.93749999999999
4.4175,-89.12658691406247
4.42,-91.89605712890624
4.4225,-90.04974365234374
4.425,-85.26611328124999
4.4275,-79.05578613281249
4.43,-76.87377929687497
4.4325,-78.80401611328122
4.435,-84.09118652343749
4.4375,-90.97290039062499
4.44,-93.82629394531247
4.4425,-93.99414062499997
4.445,-89.54620361328124
4.4475,-85.93749999999999
4.45,-85.76965332031249
4.4525,-84.84649658203122
4.455,-83.00018310546874
4.4575,-84.76257324218749
4.46,-86.60888671874997
4.4625,-86.60888671874997
4.465,-87.02850341796874
4.4675,-81.65740966796874
4.47,-79.13970947265624
4.4725,-81.15386962890622
4.475,-81.23779296874999
4.4775,-78.55224609374999
4.48,-72.92938232421874
4.4825,-62.942504882812486
4.485,-55.053710937499986
4.4875,-55.97686767578124
4.49,-62.522888183593736
4.4925,-68.98498535156249
4.495,-77.04162597656247
4.4975,-85.18218994140624
4.5,-90.88897705078122
4.5025,-92.98706054687497
4.505,-91.22467041015622
4.5075,-89.29443359374997
4.51,-87.53204345703122
4.5125,-87.19635009765622
4.515,-88.87481689453124
4.5175,-91.97998046874999
4.52,-93.57452392578122
4.5225,-91.97998046874999
4.525,-88.87481689453124
4.5275,-85.43395996093747
4.53,-82.91625976562497
4.5325,-81.15386962890622
4.535,-77.62908935546872
4.5375,-79.55932617187499
4.54,-84.84649658203122
4.5425,-87.11242675781249
4.545,-85.93749999999999
4.5475,-84.42687988281247
4.55,-80.14678955078124
4.5525,-75.44708251953124
4.555,-76.78985595703124
4.5575,-82.32879638671872
4.56,-84.76257324218749
4.5625,-81.32171630859372
4.565,-79.47540283203124
4.5675,-80.81817626953124
4.57,-83.33587646484374
4.5725,-87.44812011718749
4.575,-89.37835693359374
4.5775,-86.77673339843747
4.58,-82.74841308593749
4.5825,-82.41271972656249
4.585,-84.42687988281247
4.5875,-82.91625976562497
4.59,-78.63616943359374
4.5925,-77.29339599609374
4.595,-83.50372314453124
4.5975,-86.69281005859374
4.6,-82.24487304687499
4.6025,-77.62908935546872
4.605,-76.70593261718749
4.6075,-76.78985595703124
4.61,-79.05578613281249
4.6125,-81.57348632812499
4.615,-83.00018310546874
4.6175,-84.34295654296874
4.62,-85.18218994140624
4.6225,-87.44812011718749
4.625,-88.11950683593747
4.6275,-85.76965332031249
4.63,-82.49664306640622
4.6325,-79.81109619140624
4.635,-79.13970947265624
4.6375,-82.32879638671872
4.64,-85.26611328124999
4.6425,-86.10534667968749
4.645,-86.10534667968749
4.6475,-85.93749999999999
4.65,-84.76257324218749
4.6525,-85.60180664062497
4.655,-85.01434326171872
4.6575,-85.43395996093747
4.66,-89.29443359374997
4.6625,-92.14782714843749
4.665,-89.63012695312499
4.6675,-85.68572998046874
4.67,-83.83941650390624
4.6725,-84.59472656249999
4.675,-87.02850341796874
4.6775,-90.46936035156247
4.68,-91.97998046874999
4.6825,-91.56036376953124
4.685,-89.37835693359374
4.6875,-84.42687988281247
4.69,-77.20947265624999
4.6925,-76.45416259765624
4.695,-82.07702636718749
4.6975,-85.93749999999999
4.7,-87.19635009765622
4.7025,-83.50372314453124
4.705,-79.05578613281249
4.7075,-78.72009277343749
4.71,-80.48248291015624
4.7125,-79.39147949218747
4.715,-78.38439941406249
4.7175,-81.48956298828124
4.72,-84.17510986328124
4.7225,-81.82525634765624
4.725,-76.95770263671874
4.7275,-74.77569580078124
4.73,-78.46832275390624
4.7325,-83.33587646484374
4.735,-85.68572998046874
4.7375,-86.77673339843747
4.74,-87.86773681640624
4.7425,-86.27319335937499
4.745,-85.01434326171872
4.7475,-85.76965332031249
4.75,-85.85357666015624
4.7525,-85.18218994140624
4.755,-86.94458007812499
4.7575,-87.02850341796874
4.76,-86.69281005859374
4.7625,-84.09118652343749
4.765,-78.63616943359374
4.7675,-75.95062255859374
4.77,-76.95770263671874
4.7725,-80.48248291015624
4.775,-81.40563964843749
4.7775,-82.66448974609374
4.78,-87.78381347656247
4.7825,-90.80505371093749
4.785,-87.11242675781249
4.7875,-83.92333984374999
4.79,-83.16802978515624
4.7925,-85.26611328124999
4.795,-87.86773681640624
4.7975,-91.64428710937497
4.8,-93.57452392578122
4.8025,-94.32983398437499
4.805,-95.16906738281247
4.8075,-94.91729736328122
4.81,-94.49768066406249
4.8125,-96.09222412109372
4.815,-97.18322753906249
4.8175,-96.84753417968749
4.82,-93.40667724609372
4.8225,-86.86065673828124
4.825,-82.24487304687499
4.8275,-79.05578613281249
4.83,-77.62908935546872
4.8325,-76.62200927734374
4.835,-78.63616943359374
4.8375,-83.08410644531247
4.84,-86.35711669921874
4.8425,-86.77673339843747
4.845,-88.28735351562499
4.8475,-87.86773681640624
4.85,-85.35003662109374
4.8525,-82.07702636718749
4.855,-79.72717285156249
4.8575,-82.07702636718749
4.86,-87.02850341796874
4.8625,-90.97290039062499
4.865,-92.81921386718747
4.8675,-95.25299072265624
4.87,-97.60284423828124
4.8725,-97.01538085937499
4.875,-96.51184082031247
4.8775,-92.81921386718747
4.88,-89.54620361328124
4.8825,-88.20343017578124
4.885,-86.77673339843747
4.8875,-83.25195312499999
4.89,-78.80401611328122
4.8925,-76.45416259765624
4.895,-79.64324951171874
4.8975,-83.08410644531247
4.9,-85.18218994140624
4.9025,-83.67156982421872
4.905,-80.48248291015624
4.9075,-76.70593261718749
4.91,-75.36315917968749
4.9125,-78.30047607421874
4.915,-81.32171630859372
4.9175,-83.92333984374999
4.92,-86.02142333984372
4.9225,-87.44812011718749
4.925,-85.93749999999999
4.9275,-83.08410644531247
4.93,-82.07702636718749
4.9325,-82.07702636718749
4.935,-83.67156982421872
4.9375,-83.41979980468749
4.94,-81.90917968749997
4.9425,-81.06994628906249
4.945,-83.16802978515624
4.9475,-88.20343017578124
4.95,-90.72113037109374
4.9525,-90.13366699218749
4.955,-88.70697021484372
4.9575,-88.53912353515622
4.96,-87.61596679687499
4.9625,-84.76257324218749
4.965,-81.82525634765624
4.9675,-79.64324951171874
4.97,-78.88793945312499
4.9725,-80.65032958984374
4.975,-81.65740966796874
4.9775,-81.40563964843749
4.98,-80.56640624999997
4.9825,-77.54516601562499
4.985,-74.18823242187499
4.9875,-69.32067871093749
4.99,-66.63513183593749
4.9925,-71.75445556640624
4.995,-77.96478271484374
4.9975,-81.06994628906249
5.0,-83.41979980468749
5.0025,-83.25195312499999
5.005,-80.73425292968747
5.0075,-80.48248291015624
5.01,-79.22363281249999
5.0125,-76.95770263671874
5.015,-78.63616943359374
5.0175,-78.46832275390624
5.02,-76.87377929687497
5.0225,-75.36315917968749
5.025,-74.27215576171874
5.0275,-72.84545898437499
5.03,-70.99914550781249
5.0325,-71.75445556640624
5.035,-73.60076904296874
5.0375,-74.85961914062499
5.04,-74.44000244140624
5.0425,-75.02746582031249
5.045,-75.61492919921874
5.0475,-76.45416259765624
5.05,-78.04870605468749
5.0525,-80.23071289062499
5.055,-80.98602294921874
5.0575,-79.47540283203124
5.06,-78.30047607421874
5.0625,-77.79693603515624
5.065,-75.61492919921874
5.0675,-70.07598876953124
5.07,-69.15283203124999
5.0725,-70.74737548828124
5.075,-70.07598876953124
5.0775,-69.48852539062499
5.08,-71.75445556640624
5.0825,-73.51684570312499
5.085,-71.25091552734374
5.0875,-68.39752197265624
5.09,-69.48852539062499
5.0925,-71.58660888671874
5.095,-75.36315917968749
5.0975,-77.62908935546872
5.1,-75.11138916015622
5.1025,-72.09014892578124
5.105,-67.97790527343749
5.1075,-66.13159179687499
5.11,-70.57952880859374
5.1125,-75.27923583984374
5.115,-77.29339599609374
5.1175,-75.02746582031249
5.12,-71.25091552734374
5.1225,-69.99206542968749
5.125,-70.41168212890624
5.1275,-68.81713867187499
5.13,-67.22259521484374
5.1325,-68.31359863281249
5.135,-70.57952880859374
5.1375,-77.20947265624999
5.14,-81.65740966796874
5.1425,-81.65740966796874
5.145,-79.30755615234374
5.1475,-75.19531249999999
5.15,-71.92230224609374
5.1525,-70.32775878906249
5.155,-70.57952880859374
5.1575,-73.85253906249999
5.16,-75.69885253906247
5.1625,-75.86669921874999
5.165,-75.27923583984374
5.1675,-73.60076904296874
5.17,-72.42584228515624
5.1725,-71.58660888671874
5.175,-71.83837890624999
5.1775,-74.10430908203124
5.18,-76.78985595703124
5.1825,-78.30047607421874
5.185,-75.11138916015622
5.1875,-71.67053222656249
5.19,-67.97790527343749
5.1925,-65.46020507812499
5.195,-68.06182861328124
5.1975,-74.77569580078124
5.2,-79.97894287109372
5.2025,-78.80401611328122
5.205,-71.08306884765624
5.2075,-64.11743164062499
5.21,-65.20843505859374
5.2125,-72.09014892578124
5.215,-76.78985595703124
5.2175,-76.11846923828124
5.22,-75.78277587890624
5.2225,-76.70593261718749
5.225,-75.44708251953124
5.2275,-72.59368896484374
5.23,-72.84545898437499
5.2325,-76.03454589843749
5.235,-78.13262939453124
5.2375,-78.21655273437497
5.24,-78.38439941406249
5.2425,-80.56640624999997
5.245,-80.98602294921874
5.2475,-78.55224609374999
5.25,-77.88085937499999
5.2525,-80.23071289062499
5.255,-81.32171630859372
5.2575,-80.90209960937499
5.26,-78.46832275390624
5.2625,-76.95770263671874
5.265,-76.62200927734374
5.2675,-72.42584228515624
5.27,-71.33483886718749
5.2725,-75.69885253906247
5.275,-80.56640624999997
5.2775,-79.97894287109372
5.28,-79.05578613281249
5.2825,-77.04162597656247
5.285,-72.67761230468749
5.2875,-70.41168212890624
5.29,-71.67053222656249
5.2925,-76.45416259765624
5.295,-79.89501953124999
5.2975,-80.73425292968747
5.3,-80.39855957031249
5.3025,-78.13262939453124
5.305,-73.01330566406249
5.3075,-70.24383544921872
5.31,-69.32067871093749
5.3125,-67.39044189453124
5.315,-66.38336181640624
5.3175,-70.91522216796874
5.32,-73.09722900390624
5.3225,-72.25799560546874
5.325,-69.99206542968749
5.3275,-68.31359863281249
5.33,-68.56536865234374
5.3325,-72.25799560546874
5.335,-75.44708251953124
5.3375,-74.52392578124997
5.34,-69.15283203124999
5.3425,-64.78881835937499
5.345,-63.529968261718736
5.3475,-66.38336181640624
5.35,-71.92230224609374
5.3525,-77.88085937499999
5.355,-80.39855957031249
5.3575,-78.13262939453124
5.36,-75.27923583984374
5.3625,-68.64929199218749
5.365,-63.86566162109374
5.3675,-61.347961425781236
5.37,-62.43896484374998
5.3725,-65.37628173828124
5.375,-64.36920166015624
5.3775,-62.774658203124986
5.38,-61.180114746093736
5.3825,-57.487487792968736
5.385,-54.214477539062486
5.3875,-51.02539062499999
5.39,-49.934387207031236
5.3925,-51.69677734374999
5.395,-54.13055419921874
5.3975,-55.641174316406236
5.4,-59.417724609374986
5.4025,-65.12451171874999
5.405,-71.25091552734374
5.4075,-72.17407226562499
5.41,-69.48852539062499
5.4125,-66.29943847656249
5.415,-69.32067871093749
5.4175,-72.09014892578124
5.42,-68.81713867187499
5.4225,-65.71197509765624
5.425,-64.28527832031249
5.4275,-62.606811523437486
5.43,-61.347961425781236
5.4325,-64.87274169921874
5.435,-68.73321533203124
5.4375,-70.74737548828124
5.44,-70.66345214843749
5.4425,-69.32067871093749
5.445,-69.15283203124999
5.4475,-69.65637207031249
5.45,-68.90106201171874
5.4525,-67.13867187499999
5.455,-64.45312499999999
5.4575,-63.949584960937486
5.46,-66.21551513671874
5.4625,-68.73321533203124
5.465,-74.35607910156249
5.4675,-77.71301269531249
5.47,-76.78985595703124
5.4725,-75.95062255859374
5.475,-75.27923583984374
5.4775,-74.18823242187499
5.48,-73.01330566406249
5.4825,-72.17407226562499
5.485,-69.06890869140624
5.4875,-66.97082519531249
5.49,-66.88690185546874
5.4925,-67.05474853515624
5.495,-67.47436523437499
5.4975,-70.32775878906249
5.5,-73.51684570312499
5.5025,-73.93646240234372
5.505,-69.99206542968749
5.5075,-65.54412841796874
5.51,-61.935424804687486
5.5125,-60.17303466796874
5.515,-61.26403808593748
5.5175,-68.06182861328124
5.52,-74.18823242187499
5.5225,-75.53100585937499
5.525,-73.34899902343749
5.5275,-70.41168212890624
5.53,-68.64929199218749
5.5325,-67.47436523437499
5.535,-68.64929199218749
5.5375,-71.08306884765624
5.54,-74.44000244140624
5.5425,-74.44000244140624
5.545,-73.01330566406249
5.5475,-73.76861572265624
5.55,-75.78277587890624
5.5525,-73.43292236328124
5.555,-68.39752197265624
5.5575,-67.13867187499999
5.56,-68.39752197265624
5.5625,-65.79589843749999
5.565,-60.676574707031236
5.5675,-59.58557128906249
5.57,-61.431884765624986
5.5725,-64.78881835937499
5.575,-66.97082519531249
5.5775,-66.13159179687499
5.58,-64.62097167968749
5.5825,-66.13159179687499
5.585,-67.89398193359374
5.5875,-67.72613525390624
5.59,-66.13159179687499
5.5925,-67.64221191406249
5.595,-72.34191894531249
5.5975,-77.12554931640624
5.6,-80.39855957031249
5.6025,-80.39855957031249
5.605,-78.46832275390624
5.6075,-77.29339599609374
5.61,-77.12554931640624
5.6125,-79.55932617187499
5.615,-80.98602294921874
5.6175,-81.06994628906249
5.62,-78.46832275390624
5.6225,-75.61492919921874
5.625,-72.17407226562499
5.6275,-71.25091552734374
5.63,-72.84545898437499
5.6325,-76.28631591796872
5.635,-80.73425292968747
5.6375,-85.35003662109374
5.64,-85.76965332031249
5.6425,-79.47540283203124
5.645,-70.66345214843749
5.6475,-65.29235839843749
5.65,-64.87274169921874
5.6525,-64.70489501953124
5.655,-66.38336181640624
5.6575,-70.57952880859374
5.66,-74.35607910156249
5.6625,-74.44000244140624
5.665,-70.91522216796874
5.6675,-69.06890869140624
5.67,-67.22259521484374
5.6725,-66.04766845703124
5.675,-66.88690185546874
5.6775,-70.32775878906249
5.68,-74.60784912109374
5.6825,-76.03454589843749
5.685,-74.69177246093749
5.6875,-71.41876220703122
5.69,-66.63513183593749
5.6925,-65.20843505859374
5.695,-68.14575195312499
5.6975,-71.83837890624999
5.7,-73.85253906249999
5.7025,-74.10430908203124
5.705,-75.44708251953124
5.7075,-73.60076904296874
5.71,-70.91522216796874
5.7125,-74.10430908203124
5.715,-78.38439941406249
5.7175,-78.63616943359374
5.72,-79.13970947265624
5.7225,-78.72009277343749
5.725,-76.53808593749999
5.7275,-74.69177246093749
5.73,-76.53808593749999
5.7325,-77.04162597656247
5.735,-75.86669921874999
5.7375,-74.18823242187499
5.74,-71.25091552734374
5.7425,-70.66345214843749
5.745,-70.66345214843749
5.7475,-71.08306884765624
5.75,-72.25799560546874
5.7525,-74.10430908203124
5.755,-76.37023925781249
5.7575,-78.21655273437497
5.76,-78.88793945312499
5.7625,-74.60784912109374
5.765,-70.57952880859374
5.7675,-72.92938232421874
5.77,-77.62908935546872
5.7725,-79.72717285156249
5.775,-80.48248291015624
5.7775,-80.98602294921874
5.78,-80.06286621093749
5.7825,-77.12554931640624
5.785,-74.60784912109374
5.7875,-74.85961914062499
5.79,-75.78277587890624
5.7925,-79.22363281249999
5.795,-83.08410644531247
5.7975,-84.42687988281247
5.8,-82.91625976562497
5.8025,-79.05578613281249
5.805,-75.53100585937499
5.8075,-74.02038574218749
5.81,-72.50976562499999
5.8125,-73.18115234374999
5.815,-76.45416259765624
5.8175,-79.55932617187499
5.82,-79.05578613281249
5.8225,-75.44708251953124
5.825,-68.39752197265624
5.8275,-64.53704833984374
5.83,-66.71905517578124
5.8325,-71.33483886718749
5.835,-73.51684570312499
5.8375,-70.91522216796874
5.84,-66.80297851562499
5.8425,-63.110351562499986
5.845,-66.55120849609374
5.8475,-70.66345214843749
5.85,-70.24383544921872
5.8525,-68.73321533203124
5.855,-67.97790527343749
5.8575,-68.14575195312499
5.86,-68.98498535156249
5.8625,-68.81713867187499
5.865,-65.87982177734374
5.8675,-63.110351562499986
5.87,-59.249877929687486
5.8725,-56.900024414062486
5.875,-60.17303466796874
5.8775,-66.88690185546874
5.88,-69.23675537109374
5.8825,-70.41168212890624
5.885,-68.90106201171874
5.8875,-66.38336181640624
5.89,-64.45312499999999
5.8925,-63.362121582031236
5.895,-64.03350830078124
5.8975,-64.87274169921874
5.9,-66.97082519531249
5.9025,-65.87982177734374
5.905,-63.27819824218749
5.9075,-61.767578124999986
5.91,-61.180114746093736
5.9125,-61.68365478515624
5.915,-62.10327148437499
5.9175,-62.522888183593736
5.92,-65.46020507812499
5.9225,-68.14575195312499
5.925,-66.97082519531249
5.9275,-62.774658203124986
5.93,-62.187194824218736
5.9325,-65.62805175781249
5.935,-67.30651855468749
5.9375,-65.54412841796874
5.94,-63.86566162109374
5.9425,-65.71197509765624
5.945,-65.79589843749999
5.9475,-60.928344726562486
5.95,-57.06787109374999
5.9525,-57.823181152343736
5.955,-62.942504882812486
5.9575,-67.05474853515624
5.96,-68.56536865234374
5.9625,-67.13867187499999
5.965,-64.28527832031249
5.9675,-59.669494628906236
5.97,-57.73925781249999
5.9725,-60.256958007812486
5.975,-64.45312499999999
5.9775,-65.79589843749999
5.98,-64.87274169921874
5.9825,-60.844421386718736
5.985,-56.56433105468749
5.9875,-55.30548095703124
5.99,-57.487487792968736
5.9925,-61.85150146484373
5.995,-63.697814941406236
5.9975,-62.522888183593736
6.0,-63.194274902343736
6.0025,-62.69073486328124
6.005,-61.767578124999986
6.0075,-62.85858154296874
6.01,-63.194274902343736
6.0125,-58.074951171874986
6.015,-55.389404296874986
6.0175,-60.005187988281236
6.02,-63.27819824218749
6.0225,-59.249877929687486
6.025,-56.060791015624986
6.0275,-54.382324218749986
6.03,-55.389404296874986
6.0325,-59.082031249999986
6.035,-62.942504882812486
6.0375,-67.97790527343749
6.04,-71.83837890624999
6.0425,-70.24383544921872
6.045,-66.80297851562499
6.0475,-66.38336181640624
6.05,-68.22967529296874
6.0525,-71.83837890624999
6.055,-74.94354248046874
6.0575,-73.76861572265624
6.06,-69.57244873046874
6.0625,-65.71197509765624
6.065,-60.676574707031236
6.0675,-60.340881347656236
6.07,-63.61389160156248
6.0725,-67.97790527343749
6.075,-71.16699218749999
6.0775,-72.76153564453124
6.08,-74.10430908203124
6.0825,-75.44708251953124
6.085,-74.10430908203124
6.0875,-68.48144531249999
6.09,-67.55828857421874
6.0925,-71.58660888671874
6.095,-74.60784912109374
6.0975,-78.88793945312499
6.1,-81.06994628906249
6.1025,-81.06994628906249
6.105,-79.55932617187499
6.1075,-75.86669921874999
6.11,-72.50976562499999
6.1125,-67.55828857421874
6.115,-64.53704833984374
6.1175,-65.54412841796874
6.12,-68.90106201171874
6.1225,-70.32775878906249
6.125,-71.33483886718749
6.1275,-73.26507568359374
6.13,-74.60784912109374
6.1325,-75.11138916015622
6.135,-75.19531249999999
6.1375,-72.25799560546874
6.14,-70.91522216796874
6.1425,-71.33483886718749
6.145,-68.39752197265624
6.1475,-62.27111816406249
6.15,-58.158874511718736
6.1525,-61.180114746093736
6.155,-67.39044189453124
6.1575,-69.06890869140624
6.16,-67.13867187499999
6.1625,-65.37628173828124
6.165,-62.10327148437499
6.1675,-59.333801269531236
6.17,-61.180114746093736
6.1725,-65.87982177734374
6.175,-70.15991210937499
6.1775,-70.74737548828124
6.18,-66.13159179687499
6.1825,-58.158874511718736
6.185,-51.193237304687486
6.1875,-53.291320800781236
6.19,-59.501647949218736
6.1925,-65.87982177734374
6.195,-68.98498535156249
6.1975,-68.90106201171874
6.2,-68.14575195312499
6.2025,-66.13159179687499
6.205,-64.36920166015624
6.2075,-64.87274169921874
6.21,-65.12451171874999
6.2125,-65.79589843749999
6.215,-66.29943847656249
6.2175,-63.697814941406236
6.22,-60.089111328124986
6.2225,-60.508728027343736
6.225,-62.774658203124986
6.2275,-66.29943847656249
6.23,-66.29943847656249
6.2325,-63.86566162109374
6.235,-62.355041503906236
6.2375,-64.11743164062499
6.24,-63.110351562499986
6.2425,-58.746337890624986
6.245,-55.641174316406236
6.2475,-58.746337890624986
6.25,-64.20135498046874
6.2525,-66.38336181640624
6.255,-65.20843505859374
6.2575,-63.86566162109374
6.26,-62.606811523437486
6.2625,-62.27111816406249
6.265,-63.61389160156248
6.2675,-64.11743164062499
6.27,-63.194274902343736
6.2725,-61.85150146484373
6.275,-60.256958007812486
6.2775,-58.32672119140624
6.28,-60.256958007812486
6.2825,-60.256958007812486
6.285,-59.921264648437486
6.2875,-58.91418457031249
6.29,-55.80902099609374
6.2925,-53.710937499999986
6.295,-52.619934082031236
6.2975,-53.45916748046874
6.3,-53.291320800781236
6.3025,-50.689697265624986
6.305,-44.39544677734374
6.3075,-40.61889648437499
6.31,-41.87774658203124
6.3125,-42.04559326171874
6.315,-40.70281982421874
6.3175,-38.35296630859374
6.32,-34.91210937499999
6.3225,-38.35296630859374
6.325,-42.88482666015624
6.3275,-50.102233886718736
6.33,-57.15179443359374
6.3325,-61.180114746093736
6.335,-64.36920166015624
6.3375,-67.13867187499999
6.34,-66.97082519531249
6.3425,-66.80297851562499
6.345,-64.62097167968749
6.3475,-62.27111816406249
6.35,-58.91418457031249
6.3525,-51.864624023437486
6.355,-52.368164062499986
6.3575,-57.319641113281236
6.36,-61.51580810546874
6.3625,-60.676574707031236
6.365,-57.15179443359374
6.3675,-54.04663085937499
6.37,-54.71801757812499
6.3725,-56.312561035156236
6.375,-55.473327636718736
6.3775,-53.54309082031249
6.38,-51.864624023437486
6.3825,-51.361083984374986
6.385,-48.843383789062486
6.3875,-47.752380371093736
6.39,-50.605773925781236
6.3925,-53.627014160156236
6.395,-55.89294433593749
6.3975,-57.15179443359374
6.4,-56.312561035156236
6.4025,-56.312561035156236
6.405,-58.158874511718736
6.4075,-59.501647949218736
6.41,-62.019348144531236
6.4125,-62.942504882812486
6.415,-64.53704833984374
6.4175,-65.62805175781249
6.42,-61.767578124999986
6.4225,-52.536010742187486
6.425,-48.08807373046874
6.4275,-52.28424072265624
6.43,-59.921264648437486
6.4325,-65.12451171874999
6.435,-65.29235839843749
6.4375,-61.68365478515624
6.44,-58.242797851562486
6.4425,-55.053710937499986
6.445,-51.61285400390624
6.4475,-50.43792724609374
6.45,-54.298400878906236
6.4525,-58.32672119140624
6.455,-58.242797851562486
6.4575,-58.830261230468736
6.46,-61.431884765624986
6.4625,-62.606811523437486
6.465,-62.019348144531236
6.4675,-59.333801269531236
6.47,-56.56433105468749
6.4725,-57.15179443359374
6.475,-60.508728027343736
6.4775,-63.44604492187499
6.48,-63.86566162109374
6.4825,-63.194274902343736
6.485,-61.180114746093736
6.4875,-59.417724609374986
6.49,-60.256958007812486
6.4925,-64.62097167968749
6.495,-66.46728515624999
6.4975,-67.13867187499999
6.5,-66.04766845703124
6.5025,-65.29235839843749
6.505,-64.53704833984374
6.5075,-57.06787109374999
6.51,-51.864624023437486
6.5125,-52.703857421874986
6.515,-55.80902099609374
6.5175,-58.410644531249986
6.52,-57.235717773437486
6.5225,-54.885864257812486
6.525,-50.857543945312486
6.5275,-47.16491699218749
6.53,-48.927307128906236
6.5325,-53.794860839843736
6.535,-57.991027832031236
6.5375,-58.494567871093736
6.54,-56.228637695312486
6.5425,-52.78778076171874
6.545,-49.346923828124986
6.5475,-44.647216796874986
6.55,-42.88482666015624
6.5525,-42.96874999999999
6.555,-44.563293457031236
6.5575,-50.857543945312486
6.56,-51.02539062499999
6.5625,-46.15783691406249
6.565,-43.72406005859374
6.5675,-46.74530029296874
6.57,-51.864624023437486
6.5725,-52.619934082031236
6.575,-52.368164062499986
6.5775,-54.969787597656236
6.58,-56.48040771484374
6.5825,-55.053710937499986
6.585,-49.934387207031236
6.5875,-48.171997070312486
6.59,-49.17907714843749
6.5925,-51.10931396484374
6.595,-52.368164062499986
6.5975,-53.45916748046874
6.6,-51.277160644531236
6.6025,-46.82922363281249
6.605,-42.716979980468736
6.6075,-40.870666503906236
6.61,-42.129516601562486
6.6125,-47.50061035156249
6.615,-53.627014160156236
6.6175,-56.983947753906236
6.62,-55.557250976562486
6.6225,-50.94146728515624
6.625,-46.997070312499986
6.6275,-45.906066894531236
6.63,-47.16491699218749
6.6325,-49.76654052734374
6.635,-53.878784179687486
6.6375,-56.816101074218736
6.64,-54.63409423828124
6.6425,-50.018310546874986
6.645,-48.759460449218736
6.6475,-48.759460449218736
6.65,-48.67553710937499
6.6525,-49.011230468749986
6.655,-48.08807373046874
6.6575,-45.40252685546874
6.66,-42.63305664062499
6.6625,-38.77258300781249
6.665,-36.67449951171874
6.6675,-37.51373291015624
6.67,-39.27612304687499
6.6725,-39.695739746093736
6.675,-40.954589843749986
6.6775,-45.906066894531236
6.68,-50.35400390624999
6.6825,-49.85046386718749
6.685,-45.40252685546874
6.6875,-43.05267333984374
6.69,-43.22052001953124
6.6925,-46.82922363281249
6.695,-48.59161376953124
6.6975,-47.33276367187499
6.7,-46.325683593749986
6.7025,-47.83630371093749
6.705,-51.02539062499999
6.7075,-53.710937499999986
6.71,-53.627014160156236
6.7125,-53.794860839843736
6.715,-53.123474121093736
6.7175,-49.76654052734374
6.72,-43.975830078124986
6.7225,-39.108276367187486
6.725,-38.18511962890624
6.7275,-41.87774658203124
6.73,-45.822143554687486
6.7325,-50.857543945312486
6.735,-53.878784179687486
6.7375,-53.123474121093736
6.74,-49.934387207031236
6.7425,-46.325683593749986
6.745,-41.03851318359374
6.7475,-38.68865966796874
6.75,-39.36004638671874
6.7525,-41.96166992187499
6.755,-46.493530273437486
6.7575,-48.171997070312486
6.76,-43.64013671874999
6.7625,-39.02435302734374
6.765,-34.82818603515624
6.7675,-33.65325927734374
6.77,-37.93334960937499
6.7725,-42.46520996093749
6.775,-43.55621337890624
6.7775,-45.40252685546874
6.78,-47.752380371093736
6.7825,-47.50061035156249
6.785,-45.31860351562499
6.7875,-41.87774658203124
6.79,-41.03851318359374
6.7925,-44.31152343749999
6.795,-45.98999023437499
6.7975,-48.42376708984374
6.8,-52.032470703124986
6.8025,-51.780700683593736
6.805,-46.74530029296874
6.8075,-43.22052001953124
6.81,-41.458129882812486
6.8125,-41.62597656249999
6.815,-44.563293457031236
6.8175,-49.17907714843749
6.82,-51.445007324218736
6.8225,-51.193237304687486
6.825,-47.080993652343736
6.8275,-42.63305664062499
6.83,-40.367126464843736
6.8325,-42.96874999999999
6.835,-48.255920410156236
6.8375,-52.368164062499986
6.84,-53.54309082031249
6.8425,-52.28424072265624
6.845,-46.409606933593736
6.8475,-39.52789306640624
6.85,-34.57641601562499
6.8525,-35.07995605468749
6.855,-38.35296630859374
6.8575,-45.48645019531249
6.86,-50.186157226562486
6.8625,-46.82922363281249
6.865,-41.79382324218749
6.8675,-40.53497314453124
6.87,-39.77966308593749
6.8725,-40.283203124999986
6.875,-40.45104980468749
6.8775,-41.20635986328124
6.88,-44.14367675781249
6.8825,-46.24176025390624
6.885,-46.74530029296874
6.8875,-45.906066894531236
6.89,-45.822143554687486
6.8925,-43.388366699218736
6.895,-42.213439941406236
6.8975,-47.16491699218749
6.9,-51.61285400390624
6.9025,-49.85046386718749
6.905,-46.325683593749986
6.9075,-43.304443359374986
6.91,-40.78674316406249
6.9125,-37.849426269531236
6.915,-37.76550292968749
6.9175,-40.19927978515624
6.92,-41.96166992187499
6.9225,-42.800903320312486
6.925,-45.65429687499999
6.9275,-48.08807373046874
6.93,-49.011230468749986
6.9325,-48.927307128906236
6.935,-50.35400390624999
6.9375,-52.536010742187486
6.94,-54.13055419921874
6.9425,-54.71801757812499
6.945,-51.52893066406249
6.9475,-43.891906738281236
6.95,-36.84234619140624
6.9525,-34.91210937499999
6.955,-39.27612304687499
6.9575,-45.822143554687486
6.96,-51.52893066406249
6.9625,-52.619934082031236
6.965,-52.28424072265624
6.9675,-50.018310546874986
6.97,-48.339843749999986
6.9725,-50.35400390624999
6.975,-52.28424072265624
6.9775,-51.69677734374999
6.98,-50.689697265624986
6.9825,-48.67553710937499
6.985,-46.66137695312499
6.9875,-46.15783691406249
6.99,-48.339843749999986
6.9925,-50.857543945312486
6.995,-51.361083984374986
6.9975,-50.857543945312486
7.0,-47.50061035156249
7.0025,-43.891906738281236
7.005,-44.39544677734374
7.0075,-46.409606933593736
7.01,-48.08807373046874
7.0125,-46.997070312499986
7.015,-45.48645019531249
7.0175,-46.15783691406249
7.02,-45.48645019531249
7.0225,-42.213439941406236
7.025,-38.60473632812499
7.0275,-38.26904296874999
7.03,-39.27612304687499
7.0325,-41.12243652343749
7.035,-43.304443359374986
7.0375,-43.13659667968749
7.04,-42.63305664062499
7.0425,-42.54913330078124
7.045,-41.79382324218749
7.0475,-40.283203124999986
7.05,-41.96166992187499
7.0525,-44.31152343749999
7.055,-44.059753417968736
7.0575,-44.14367675781249
7.06,-45.98999023437499
7.0625,-46.997070312499986
7.065,-45.06683349609374
7.0675,-45.234680175781236
7.07,-48.08807373046874
7.0725,-50.773620605468736
7.075,-50.35400390624999
7.0775,-48.67553710937499
7.08,-45.906066894531236
7.0825,-40.870666503906236
7.085,-38.436889648437486
7.0875,-40.283203124999986
7.09,-43.80798339843749
7.0925,-47.50061035156249
7.095,-47.584533691406236
7.0975,-45.31860351562499
7.1,-40.45104980468749
7.1025,-36.33880615234374
7.105,-36.00311279296874
7.1075,-37.93334960937499
7.11,-42.46520996093749
7.1125,-46.409606933593736
7.115,-45.738220214843736
7.1175,-40.954589843749986
7.12,-38.94042968749999
7.1225,-38.68865966796874
7.125,-37.42980957031249
7.1275,-37.34588623046874
7.13,-38.68865966796874
7.1325,-40.19927978515624
7.135,-42.129516601562486
7.1375,-44.563293457031236
7.14,-45.06683349609374
7.1425,-42.129516601562486
7.145,-36.42272949218749
7.1475,-30.967712402343743
7.15,-29.792785644531246
7.1525,-33.14971923828124
7.155,-37.76550292968749
7.1575,-43.388366699218736
7.16,-44.059753417968736
7.1625,-39.108276367187486
7.165,-35.07995605468749
7.1675,-34.57641601562499
7.17,-33.90502929687499
7.1725,-34.32464599609374
7.175,-36.17095947265624
7.1775,-36.59057617187499
7.18,-36.84234619140624
7.1825,-39.61181640624999
7.185,-41.96166992187499
7.1875,-42.54913330078124
7.19,-42.96874999999999
7.1925,-43.22052001953124
7.195,-43.388366699218736
7.1975,-44.647216796874986
7.2,-44.31152343749999
7.2025,-45.06683349609374
7.205,-42.04559326171874
7.2075,-38.85650634765624
7.21,-39.36004638671874
7.2125,-41.20635986328124
7.215,-43.304443359374986
7.2175,-44.14367675781249
7.22,-41.37420654296874
7.2225,-36.67449951171874
7.225,-32.81402587890624
7.2275,-27.946472167968746
7.23,-23.246765136718743
7.2325,-23.078918457031246
7.235,-24.505615234374993
7.2375,-24.421691894531243
7.24,-19.554138183593743
7.2425,-10.910034179687498
7.245,-3.944396972656249
7.2475,-3.273010253906249
7.25,-8.728027343749998
7.2525,-14.854431152343746
7.255,-18.798828124999996
7.2575,-24.337768554687496
7.26,-31.387329101562493
7.2625,-36.33880615234374
7.265,-37.93334960937499
7.2675,-36.33880615234374
7.27,-36.75842285156249
7.2725,-40.954589843749986
7.275,-46.493530273437486
7.2775,-49.011230468749986
7.28,-49.934387207031236
7.2825,-48.50769042968749
7.285,-45.31860351562499
7.2875,-45.57037353515624
7.29,-44.22760009765624
7.2925,-40.283203124999986
7.295,-39.61181640624999
7.2975,-40.19927978515624
7.3,-40.954589843749986
7.3025,-40.19927978515624
7.305,-38.18511962890624
7.3075,-37.261962890624986
7.31,-37.01019287109374
7.3125,-37.34588623046874
7.315,-38.85650634765624
7.3175,-39.36004638671874
7.32,-37.17803955078124
7.3225,-35.24780273437499
7.325,-35.415649414062486
7.3275,-35.58349609374999
7.33,-36.84234619140624
7.3325,-39.94750976562499
7.335,-41.37420654296874
7.3375,-39.36004638671874
7.34,-36.17095947265624
7.3425,-33.73718261718749
7.345,-34.15679931640624
7.3475,-34.07287597656249
7.35,-33.56933593749999
7.3525,-35.66741943359374
7.355,-39.52789306640624
7.3575,-43.80798339843749
7.36,-45.40252685546874
7.3625,-41.87774658203124
7.365,-38.10119628906249
7.3675,-35.83526611328124
7.37,-36.50665283203124
7.3725,-38.10119628906249
7.375,-39.108276367187486
7.3775,-38.26904296874999
7.38,-35.75134277343749
7.3825,-33.40148925781249
7.385,-31.80694580078124
7.3875,-33.98895263671874
7.39,-35.75134277343749
7.3925,-36.00311279296874
7.395,-38.18511962890624
7.3975,-41.542053222656236
7.4,-41.20635986328124
7.4025,-37.68157958984374
7.405,-35.16387939453124
7.4075,-37.68157958984374
7.41,-41.37420654296874
7.4125,-43.55621337890624
7.415,-41.37420654296874
7.4175,-35.83526611328124
7.42,-33.31756591796874
7.4225,-31.80694580078124
7.425,-31.723022460937496
7.4275,-33.06579589843749
7.43,-33.98895263671874
7.4325,-36.17095947265624
7.435,-38.520812988281236
7.4375,-40.283203124999986
7.44,-39.27612304687499
7.4425,-35.91918945312499
7.445,-34.91210937499999
7.4475,-34.40856933593749
7.45,-34.49249267578124
7.4525,-35.415649414062486
7.455,-38.26904296874999
7.4575,-39.695739746093736
7.46,-38.85650634765624
7.4625,-37.59765624999999
7.465,-38.26904296874999
7.4675,-38.520812988281236
7.47,-36.84234619140624
7.4725,-35.83526611328124
7.475,-34.24072265624999
7.4775,-33.73718261718749
7.48,-32.98187255859374
7.4825,-30.380249023437496
7.485,-27.946472167968746
7.4875,-28.617858886718743
7.49,-29.792785644531246
7.4925,-31.21948242187499
7.495,-32.73010253906249
7.4975,-35.33172607421874
7.5,-37.42980957031249
7.5025,-36.25488281249999
7.505,-32.14263916015624
7.5075,-29.289245605468743
7.51,-30.883789062499993
7.5125,-34.40856933593749
7.515,-34.74426269531249
7.5175,-33.23364257812499
7.52,-33.23364257812499
7.5225,-33.73718261718749
7.525,-31.974792480468743
7.5275,-29.373168945312493
7.53,-31.974792480468743
7.5325,-38.01727294921874
7.535,-40.45104980468749
7.5375,-41.87774658203124
7.54,-41.62597656249999
7.5425,-38.94042968749999
7.545,-35.83526611328124
7.5475,-33.82110595703124
7.55,-31.21948242187499
7.5525,-30.799865722656243
7.555,-34.40856933593749
7.5575,-39.77966308593749
7.56,-39.02435302734374
7.5625,-34.49249267578124
7.565,-32.56225585937499
7.5675,-34.32464599609374
7.57,-37.59765624999999
7.5725,-40.283203124999986
7.575,-40.45104980468749
7.5775,-40.03143310546874
7.58,-38.18511962890624
7.5825,-34.82818603515624
7.585,-33.40148925781249
7.5875,-33.82110595703124
7.59,-34.91210937499999
7.5925,-36.08703613281249
7.595,-38.10119628906249
7.5975,-39.94750976562499
7.6,-39.61181640624999
7.6025,-36.17095947265624
7.605,-32.73010253906249
7.6075,-31.303405761718743
7.61,-31.303405761718743
7.6125,-32.56225585937499
7.615,-32.89794921874999
7.6175,-31.135559082031246
7.62,-27.442932128906243
7.6225,-25.680541992187493
7.625,-25.428771972656243
7.6275,-26.100158691406246
7.63,-24.169921874999993
7.6325,-23.834228515624993
7.635,-26.184082031249993
7.6375,-29.624938964843743
7.64,-31.89086914062499
7.6425,-30.128479003906243
7.645,-25.764465332031246
7.6475,-24.589538574218746
7.65,-25.260925292968746
7.6525,-25.764465332031246
7.655,-26.939392089843743
7.6575,-29.289245605468743
7.66,-31.80694580078124
7.6625,-32.31048583984374
7.665,-30.296325683593743
7.6675,-25.848388671874996
7.67,-22.407531738281246
7.6725,-21.148681640624996
