Time,Filtered Signal
0.0,-2.996439150330939
0.0025,-2.8284751401610118
0.005,-2.7263284389261715
0.0075,-2.765413013400283
0.01,-3.003362361608107
0.0125,-3.474391645778575
0.015,-4.190102077808465
0.0175,-5.143674280630201
0.02,-6.311021161265361
0.0225,-7.644602589950188
0.025,-9.060984863166818
0.0275,-10.428422409850333
0.03,-11.561366163980804
0.0325,-12.230047082714469
0.035,-12.189517798287348
0.0375,-11.223149511583125
0.04,-9.191973950317347
0.0425,-6.079442725887647
0.045,-2.01934960880734
0.0475,2.7010483177663773
0.05,7.664255472030874
0.0525,12.370368808038144
0.055,16.302746312109967
0.0575,19.002845487274616
0.06,20.14205797402876
0.0625,19.575814660549458
0.065,17.37150780379574
0.0675,13.801977055110317
0.07,9.302128935226502
0.0725,4.399193001806297
0.075,-0.3698542460256923
0.0775,-4.5367037645830885
0.08,-7.757606848490551
0.0825,-9.838953551993987
0.085,-10.733550139442604
0.0875,-10.513546273937079
0.09,-9.333631329517955
0.0925,-7.39809643989389
0.095,-4.937450590807973
0.0975,-2.1950173649852407
0.1,0.5805115610116479
0.1025,3.143656989330301
0.105,5.267131614344668
0.1075,6.763072252652405
0.11,7.506043030802857
0.1125,7.452799287579626
0.115,6.650375047990247
0.1175,5.229054019561467
0.12,3.383826482680468
0.1225,1.344826444365434
0.125,-0.6575457147426569
0.1275,-2.424223483800327
0.13,-3.813007297776089
0.1325,-4.75465467905754
0.135,-5.25614120794662
0.1375,-5.3909513601528865
0.14,-5.27812998998098
0.1425,-5.054325661841762
0.145,-4.843978001275132
0.1475,-4.7336631430138265
0.15,-4.7568312662587005
0.1525,-4.891444754622408
0.155,-5.0714048528151405
0.1575,-5.207087785759842
0.16,-5.208770378059154
0.1625,-5.009735479464538
0.165,-4.582239359088789
0.1675,-3.943369790073346
0.17,-3.1520860712077834
0.1725,-2.2986763264820578
0.175,-1.488170982102717
0.1775,-0.8205781181525226
0.18,-0.37189445701107265
0.1825,-0.17785936726314178
0.185,-0.22422974872012816
0.1875,-0.4476145427114304
0.19,-0.7472250314428476
0.1925,-1.0062687544559739
0.195,-1.1183143946452174
0.1975,-1.013160042198026
0.2,-0.67564884742133
0.2025,-0.15095905002868978
0.205,0.4637609187961419
0.2075,1.0394110099098004
0.21,1.4423775579916254
0.2125,1.5641277797843094
0.215,1.3465846029087296
0.2175,0.7972413387532509
0.22,-0.006426382524059297
0.2225,-0.9253054956440147
0.225,-1.7804251188114446
0.2275,-2.382790081673247
0.23,-2.5688969792009124
0.2325,-2.2368501759487898
0.235,-1.3721155823769164
0.2375,-0.05757850611537668
0.24,1.5341214677961206
0.2425,3.1689086927299357
0.245,4.59614902609713
0.2475,5.5973242567678065
0.25,6.028122670819411
0.2525,5.8463989118312885
0.255,5.117819753692182
0.2575,3.998324770543017
0.26,2.6997048921621243
0.2625,1.4459224266815527
0.265,0.4292122926999481
0.2675,-0.22385643045130962
0.27,-0.469795514319647
0.2725,-0.34858501425625366
0.275,0.03328005243000959
0.2775,0.533668218406179
0.28,1.0100041609161767
0.2825,1.3518304168554522
0.285,1.5052757352154404
0.2875,1.4823890487556366
0.29,1.3541135557107946
0.2925,1.2308853336289165
0.295,1.2341042000625777
0.2975,1.4664494356681819
0.3,1.989095572131532
0.3025,2.8090598830228255
0.305,3.8793567291440083
0.3075,5.110291080010039
0.31,6.386304543164391
0.3125,7.583891801815986
0.315,8.586898693804548
0.3175,9.29644668414676
0.32,9.635920178479097
0.3225,9.553709325890507
0.325,9.025592177599496
0.3275,8.057663446934088
0.33,6.690086473186083
0.3325,5.0006329705351025
0.335,3.1047840164059712
0.3375,1.1504913469874296
0.34,-0.693179707794708
0.3425,-2.2553121231397975
0.345,-3.3871386526181784
0.3475,-3.987408467889915
0.35,-4.024668347891666
0.3525,-3.548544916144377
0.355,-2.6867361202492543
0.3575,-1.625978663096559
0.36,-0.5776809130619776
0.3625,0.2651407775107102
0.365,0.7690743136925922
0.3675,0.8898137464541968
0.37,0.6820654507453228
0.3725,0.28560517890795656
0.375,-0.11051713307558889
0.3775,-0.31853253056134967
0.38,-0.2028053014482161
0.3825,0.2820108100758174
0.385,1.0738984585198315
0.3875,2.0147992568966178
0.39,2.8877192344309197
0.3925,3.469654070753026
0.395,3.5874437175600384
0.3975,3.16235738937807
0.4,2.2332334381856156
0.4025,0.950358720207461
0.405,-0.45794124789862684
0.4075,-1.7362924837396891
0.41,-2.660729992497209
0.4125,-3.0880582043889993
0.415,-2.9834222164288344
0.4175,-2.4207342880897533
0.42,-1.5557374575121719
0.4225,-0.5808089938935137
0.425,0.32620623231722073
0.4275,1.0434923185025717
0.43,1.5250593223119906
0.4325,1.7982394935855106
0.435,1.9392697498052618
0.4375,2.034445858178775
0.44,2.1444822043858878
0.4425,2.281408321048926
0.445,2.4030355500404554
0.4475,2.4271059999878273
0.45,2.2602617214045937
0.4525,1.8307633684272966
0.455,1.1132540659446277
0.4575,0.14075120271243716
0.46,-1.0017228556107272
0.4625,-2.1987524898546056
0.465,-3.3320248023493204
0.4675,-4.308553937065093
0.47,-5.07986407557609
0.4725,-5.645167426414056
0.475,-6.041594730920701
0.4775,-6.324072214157575
0.48,-6.5398255540077175
0.4825,-6.707974310844779
0.485,-6.809197712833448
0.4875,-6.788511309420727
0.49,-6.573187612984021
0.4925,-6.0992575570537175
0.495,-5.338334592527511
0.4975,-4.318272617263475
0.5,-3.1297265467467494
0.5025,-1.9140017676347123
0.505,-0.8355566679764838
0.5075,-0.04589501136437947
0.51,0.35299931116735284
0.5125,0.33496549142214244
0.515,-0.04132025877764069
0.5175,-0.6438205084984663
0.52,-1.2975091752642012
0.5225,-1.8250294424872235
0.525,-2.0886361641886184
0.5275,-2.0243916401436257
0.53,-1.6578836472298628
0.5325,-1.0977865793765398
0.535,-0.5111728848105693
0.5375,-0.08434109038633855
0.54,0.023073202686391618
0.5425,-0.2829154585412298
0.545,-1.005810847761472
0.5475,-2.050813148320578
0.55,-3.2394412605250675
0.5525,-4.342172580173752
0.555,-5.120687596216246
0.5575,-5.3747614119812255
0.56,-4.983549682001275
0.5625,-3.9325617739067513
0.565,-2.3225408664608644
0.5675,-0.35796527271688916
0.57,1.6839622533212848
0.5725,3.4998271585620504
0.575,4.814056201768092
0.5775,5.43088157225196
0.58,5.2755499812272255
0.5825,4.414863657044502
0.585,3.0512429274061166
0.5875,1.4901282746635318
0.59,0.08282227205009582
0.5925,-0.8424552120793748
0.595,-1.0469165818576598
0.5975,-0.4340921260032883
0.6,0.9266350340619866
0.6025,2.8127203675239563
0.605,4.893613777766908
0.6075,6.79978149300269
0.61,8.200951503522143
0.6125,8.875712457414577
0.615,8.75411681693521
0.6175,7.924988060244186
0.62,6.60757811327622
0.6225,5.093542331886206
0.625,3.674901644172322
0.6275,2.5761352542233684
0.63,1.9066509782055034
0.6325,1.6441976182353428
0.635,1.6520507659307468
0.6375,1.7249112308910228
0.64,1.650396317059868
0.6425,1.2681110049282962
0.645,0.5128950640838579
0.6475,-0.568536560110483
0.65,-1.832405033356108
0.6525,-3.0770928660988535
0.655,-4.096032693984684
0.6575,-4.730037466287289
0.66,-4.905028040543737
0.6625,-4.64674185191063
0.665,-4.070459883341795
0.6675,-3.348566865119275
0.67,-2.6667612875754987
0.6725,-2.182004840769096
0.675,-1.9897749108774259
0.6775,-2.1089874611944466
0.68,-2.4876899415379548
0.6825,-3.0239960466099416
0.685,-3.5951815870488963
0.6875,-4.087821353919067
0.69,-4.421015188480048
0.6925,-4.5571871940765725
0.695,-4.500910126471569
0.6975,-4.288236047834597
0.7,-3.970779438441532
0.7025,-3.6004930837486935
0.705,-3.2192750679501736
0.7075,-2.853996102513787
0.71,-2.517297465251925
0.7125,-2.213608239871843
0.715,-1.9455260528485054
0.7175,-1.717988108506603
0.72,-1.5400980067418728
0.7225,-1.4233875809902
0.725,-1.376840481953111
0.7275,-1.4015906711622335
0.73,-1.4862498440019112
0.7325,-1.6036598191725406
0.735,-1.7103152157884913
0.7375,-1.747294877210875
0.74,-1.6439752770629423
0.7425,-1.3253872275274474
0.745,-0.7226049663353882
0.7475,0.2128626348351702
0.75,1.4926205548419067
0.7525,3.0757156690766623
0.755,4.8585971158220875
0.7575,6.675258786685548
0.76,8.309641443506292
0.7625,9.524143328830995
0.765,10.099806552762304
0.7675,9.880652152908306
0.77,8.815524420453631
0.7725,6.985251527544656
0.775,4.60541158470774
0.7775,2.0019221463270984
0.78,-0.43726136808852895
0.7825,-2.32910848996194
0.785,-3.3686740013089973
0.7875,-3.390032155469185
0.79,-2.4041516191221293
0.7925,-0.605603376183743
0.795,1.658394002737513
0.7975,3.949607539430251
0.8,5.8182433559300115
0.8025,6.887783570883493
0.805,6.926394408822196
0.8075,5.888006752763716
0.81,3.917748604909738
0.8125,1.3212273452339678
0.815,-1.4986521513083062
0.8175,-4.121692525639487
0.82,-6.189799754893826
0.8225,-7.470734483951361
0.825,-7.892910403024795
0.8275,-7.546203771861683
0.83,-6.650765533155231
0.8325,-5.501678640504799
0.835,-4.403474790757975
0.8375,-3.610477649847608
0.84,-3.2834236340155707
0.8425,-3.4691835967949634
0.845,-4.107202330667034
0.8475,-5.056337637137258
0.85,-6.132951619396186
0.8525,-7.15100775077101
0.855,-7.955601698672195
0.8575,-8.443862484102903
0.86,-8.570075467837764
0.8625,-8.340228355126053
0.865,-7.800321731406781
0.8675,-7.0214524095334045
0.87,-6.087522717851528
0.8725,-5.088496940068189
0.875,-4.116717544138976
0.8775,-3.2643302156344105
0.88,-2.620764285778568
0.8825,-2.265202832996318
0.885,-2.256201739107954
0.8875,-2.620903493754109
0.89,-3.3424256217003814
0.8925,-4.353273316131323
0.895,-5.538638793127601
0.8975,-6.7468704223019955
0.9,-7.808109447083198
0.9025,-8.558306123181454
0.905,-8.862439520212295
0.9075,-8.63354777511327
0.91,-7.84312666229743
0.9125,-6.521044077938039
0.915,-4.74830345394602
0.9175,-2.6440856393938827
0.92,-0.34939140554520737
0.9225,1.9874128572206236
0.925,4.220506622264151
0.9275,6.21310827793225
0.93,7.841025876139917
0.9325,8.993674966821246
0.935,9.576641025829796
0.9375,9.51759529079595
0.94,8.774841960653184
0.9425,7.348052242229507
0.945,5.2886533155599444
0.9475,2.707397744560634
0.95,-0.22505699903371645
0.9525,-3.286823470248225
0.955,-6.22160240935435
0.9575,-8.765280718911415
0.96,-10.679488748862502
0.9625,-11.786100218951345
0.965,-11.998811336269876
0.9675,-11.34504507518567
0.97,-9.972063522196969
0.9725,-8.133042852961976
0.975,-6.152308823439146
0.9775,-4.374134051777815
0.98,-3.10243939162179
0.9825,-2.5417913501310587
0.985,-2.752548388062921
0.9875,-3.6331899288457628
0.99,-4.93441764699117
0.9925,-6.303535917300389
0.995,-7.3538410906992215
0.9975,-7.744969457217412
1.0,-7.255926196834269
1.0025,-5.8331906639974385
1.005,-3.603694363671404
1.0075,-0.8504599692623045
1.01,2.046546525304304
1.0125,4.690717272396594
1.015,6.749379195569058
1.0175,8.016587546447557
1.02,8.445383957160569
1.0225,8.143681562211727
1.025,7.3347005380173185
1.0275,6.293701398887625
1.03,5.281052264491587
1.0325,4.486137119454326
1.035,3.9937907672804975
1.0375,3.782720810417883
1.04,3.752078972094399
1.0425,3.7650905744912913
1.045,3.6974073355426755
1.0475,3.476579529297558
1.05,3.1006589947061025
1.0525,2.632767344138466
1.055,2.176554213351217
1.0575,1.8398032068879977
1.06,1.6980892520919937
1.0625,1.7712878049796
1.065,2.0188673412217177
1.0675,2.3529624887167313
1.07,2.6655096321332996
1.0725,2.861367071691243
1.075,2.8864678420464394
1.0775,2.742118245035519
1.08,2.483320485010157
1.0825,2.202856356185467
1.085,2.0043881623613102
1.0875,1.9735854343777721
1.09,2.1560847252760147
1.0925,2.547122906749366
1.095,3.0949636844687896
1.0975,3.715547075848939
1.1,4.313392271849128
1.1025,4.803589674669565
1.105,5.128209870333425
1.1075,5.264282430204161
1.11,5.223821301247787
1.1125,5.046497342817524
1.115,4.788595074604465
1.1175,4.511792109253533
1.12,4.2735036119055945
1.1225,4.120755354293104
1.125,4.0872041850735865
1.1275,4.191851468172623
1.13,4.438922846080123
1.1325,4.816744522184318
1.135,5.297521593053348
1.1375,5.838552157281994
1.14,6.383324869865603
1.1425,6.8673896670215955
1.145,7.22714294334446
1.1475,7.4078897577601355
1.15,7.374313788299666
1.1525,7.119806527202404
1.155,6.670303289863935
1.1575,6.084149690068101
1.16,5.44761875823761
1.1625,4.864385199036883
1.165,4.439809612712874
1.1675,4.263273808932376
1.17,4.3912064845017
1.1725,4.832510172776958
1.175,5.540339806452178
1.1775,6.413807461613193
1.18,7.3113701685497015
1.1825,8.075216988737552
1.185,8.562066873474896
1.1875,8.675922689541792
1.19,8.395567381997589
1.1925,7.787737753850718
1.195,7.001239070722029
1.1975,6.241212513425964
1.2,5.72877610400713
1.2025,5.653444567549694
1.205,6.128062519380131
1.2075,7.160376723068233
1.21,8.648648480305587
1.2125,10.40191743386687
1.215,12.18208031153273
1.2175,13.756996691106586
1.22,14.951521752375418
1.2225,15.683483625417486
1.225,15.974630672249086
1.2275,15.936155203048772
1.23,15.731990469431878
1.2325,15.530482403575565
1.235,15.458669823289826
1.2375,15.568476772242219
1.24,15.824218162147602
1.2425,16.11448739344785
1.245,16.2825131118453
1.2475,16.167459549270834
1.25,15.646000237052798
1.2525,14.663467831671953
1.255,13.249359387291095
1.2575,11.51346357938512
1.26,9.62536821471705
1.2625,7.783315056753395
1.265,6.177620879348038
1.2675,4.956770933862055
1.27,4.201820862035533
1.2725,3.912138224820392
1.275,4.005868899127757
1.2775,4.335030953137292
1.28,4.711279488957561
1.2825,4.939460407296522
1.285,4.854456662939843
1.2875,4.3533274173905046
1.29,3.416712009372337
1.2925,2.1164897770800013
1.295,0.6059424490133021
1.2975,-0.9084128692125099
1.3,-2.207233006893023
1.3025,-3.103393184481142
1.305,-3.4834734894233352
1.3075,-3.3358069604427567
1.31,-2.758309794696521
1.3125,-1.94379644785971
1.315,-1.1440403930822316
1.3175,-0.6200817817070617
1.32,-0.5893801770027961
1.3225,-1.1795289330278964
1.325,-2.399651368537225
1.3275,-4.135950922102178
1.33,-6.172043840550626
1.3325,-8.229860346463425
1.335,-10.022581340261297
1.3375,-11.3092001434267
1.34,-11.936833788280165
1.3425,-11.863368598395008
1.345,-11.15890700105173
1.3475,-9.984478169152602
1.35,-8.55495354685613
1.3525,-7.097658578421674
1.355,-5.815109101087036
1.3575,-4.858875118756327
1.36,-4.318611959028756
1.3625,-4.225849698467978
1.365,-4.567415832372931
1.3675,-5.300697723184263
1.37,-6.36570118094815
1.3725,-7.689492853291223
1.375,-9.182497441897995
1.3775,-10.732624353974233
1.38,-12.201656369823324
1.3825,-13.429884215757856
1.385,-14.253068235285784
1.3875,-14.52859485674273
1.39,-14.166680670910331
1.3925,-13.158465056924522
1.395,-11.591362814204127
1.3975,-9.646408643896587
1.4,-7.574971869853007
1.4025,-5.658605204841782
1.405,-4.160478385713962
1.4075,-3.2777817219201313
1.41,-3.10675029748883
1.4125,-3.6287890916693404
1.415,-4.7188467980178626
1.4175,-6.172554480411162
1.42,-7.747211730583503
1.4225,-9.206793310535506
1.425,-10.358643619647143
1.4275,-11.078618216389224
1.43,-11.32159529883025
1.4325,-11.114515285932397
1.435,-10.538938280486452
1.4375,-9.70870131238348
1.44,-8.746478965670521
1.4425,-7.764591145036268
1.445,-6.852852134456748
1.4475,-6.074049908886042
1.45,-5.465313203747781
1.4525,-5.042959962760945
1.455,-4.810014221458131
1.4575,-4.763517456759194
1.46,-4.898745461192808
1.4625,-5.210902537208326
1.465,-5.693791591350059
1.4675,-6.333972218155297
1.47,-7.102646137185441
1.4725,-7.948771676474162
1.475,-8.79411621863536
1.4775,-9.532984060859075
1.48,-10.041020016812077
1.4825,-10.192818102373785
1.485,-9.884560980179339
1.4875,-9.059354378516808
1.49,-7.729937769450219
1.4925,-5.99054515275034
1.495,-4.013749574400425
1.4975,-2.031597136348191
1.5,-0.30132619542219735
1.5025,0.9384899651603789
1.505,1.511626390240356
1.5075,1.3395570598457063
1.51,0.45995808831182283
1.5125,-0.9766859311698898
1.515,-2.7326874560053285
1.5175,-4.525084754793207
1.52,-6.074960925529601
1.5225,-7.154789385108882
1.525,-7.623046121138257
1.5275,-7.4401422426810475
1.53,-6.663961819894748
1.5325,-5.4266475287940334
1.535,-3.901070014887622
1.5375,-2.2653432869081254
1.54,-0.6716961136483633
1.5425,0.7719207818061244
1.545,2.0057007903357587
1.5475,3.0108518000314475
1.55,3.794526419660271
1.5525,4.373567783649687
1.555,4.762834318367963
1.5575,4.970036082956745
1.56,4.998605987095876
1.5625,4.856089198251244
1.565,4.562276634744828
1.5675,4.15437747838165
1.57,3.686689290271518
1.5725,3.222668224789845
1.575,2.8234505717654304
1.5775,2.5358839951217127
1.58,2.3824953060343534
1.5825,2.3580337219724514
1.585,2.432988392383055
1.5875,2.561708648033193
1.59,2.6936023850060664
1.5925,2.7843876314837868
1.595,2.8035200949672805
1.5975,2.737184944938455
1.6,2.586375741740194
1.6025,2.361420813733057
1.605,2.0753389499048893
1.6075,1.7375182236834399
1.61,1.3501626576259738
1.6125,0.9064770440748694
1.615,0.3920858588299424
1.6175,-0.20956032785680134
1.62,-0.9115555174481906
1.6225,-1.7157567043633966
1.625,-2.6038590445381193
1.6275,-3.5323025104861743
1.63,-4.431284142799922
1.6325,-5.209176860661082
1.635,-5.764547381480618
1.6375,-6.005233990658139
1.64,-5.869662571651721
1.6425,-5.34562267473646
1.645,-4.482973743517511
1.6475,-3.393664735949663
1.65,-2.2368082222280066
1.6525,-1.1915320670440674
1.655,-0.4218452575633406
1.6575,-0.040699471948422564
1.66,-0.08297439643704746
1.6625,-0.49445753805401954
1.665,-1.139147287034115
1.6675,-1.82617113684229
1.67,-2.35039224469314
1.6725,-2.535956751287339
1.675,-2.275375499683769
1.6775,-1.5553730344229664
1.68,-0.46187754979574946
1.6825,0.8348817621930825
1.685,2.1120800018286165
1.6875,3.1376590424136164
1.69,3.713775559220176
1.6925,3.713525068977346
1.695,3.1053643218357148
1.6975,1.9571440471776604
1.7,0.4217637899695519
1.7025,-1.2906021883340892
1.705,-2.9504724678764864
1.7075,-4.349122016601876
1.71,-5.332615955902628
1.7125,-5.824225145219805
1.715,-5.8307227333789236
1.7175,-5.4333687856637845
1.72,-4.766971626287224
1.7225,-3.9895296486408784
1.725,-3.2509397753229536
1.7275,-2.6685271341606343
1.73,-2.3110905394075254
1.7325,-2.194626962389513
1.735,-2.2906214214395195
1.7375,-2.5419358491635298
1.74,-2.880087468884722
1.7425,-3.2416897360687282
1.745,-3.5801171737413187
1.7475,-3.8667072303829575
1.75,-4.086573952245174
1.7525,-4.231844830692736
1.755,-4.292396210941645
1.7575,-4.250382455180463
1.76,-4.080453762602135
1.7625,-3.755830031791856
1.765,-3.2577325615041928
1.7675,-2.5855125683432196
1.77,-1.766829349564748
1.7725,-0.8619562609105762
1.775,0.03982943932862391
1.7775,0.8287120881071472
1.78,1.3886349860239047
1.7825,1.6162157489718287
1.785,1.4388288253301205
1.7875,0.8289355451541895
1.79,-0.18615239938364425
1.7925,-1.5222863788135608
1.795,-3.0466764125613204
1.7975,-4.5924080860827425
1.8,-5.9785393279278125
1.8025,-7.034166386630866
1.805,-7.618208814154457
1.8075,-7.633483896292851
1.81,-7.034393436098518
1.8125,-5.8251058458567035
1.815,-4.0512640572006156
1.8175,-1.7895183497726832
1.82,0.8602667254060826
1.8225,3.778158108925667
1.825,6.823692479109549
1.8275,9.830548371387652
1.83,12.602097859426994
1.8325,14.916200511187808
1.835,16.54118131679213
1.8375,17.264144094406515
1.84,16.929946674944706
1.8425,15.481327163770393
1.845,12.989633106056047
1.8475,9.667518982127964
1.85,5.854451729078482
1.8525,1.9742233076860511
1.855,-1.5276422402382417
1.8575,-4.256836558557156
1.86,-5.937870612909462
1.8625,-6.460217853535021
1.865,-5.894045214617709
1.8675,-4.471001775433374
1.87,-2.5344424587703256
1.8725,-0.46983353018462237
1.875,1.36974433417327
1.8775,2.7248377484067237
1.88,3.468271719704162
1.8825,3.6148658660337456
1.885,3.299263378581894
1.8875,2.731555703607658
1.89,2.142392770447433
1.8925,1.728978812205027
1.895,1.61280452572368
1.8975,1.8168625610018037
1.9,2.267227177533778
1.9025,2.815153679873389
1.905,3.273424816662086
1.9075,3.4613792590642776
1.91,3.2481398227709115
1.9125,2.5842294283451146
1.915,1.5173770911931945
1.9175,0.18960762929025193
1.92,-1.1857882362524592
1.9225,-2.3627130197709163
1.925,-3.108708030861935
1.9275,-3.251562092090902
1.93,-2.717076526161524
1.9325,-1.5495275324902902
1.935,0.0899470779732595
1.9375,1.947697731701493
1.94,3.720754950486242
1.9425,5.1104400701709904
1.945,5.875573259883459
1.9475,5.873991347947215
1.95,5.084678258080437
1.9525,3.6065803993786
1.955,1.6342179680179452
1.9575,-0.58271334481908
1.96,-2.7849165295378553
1.9625,-4.745763986261124
1.965,-6.302050064532019
1.9675,-7.3661594387471645
1.97,-7.921862761626368
1.9725,-8.008938253065729
1.975,-7.701175648872783
1.9775,-7.0869852887657645
1.98,-6.257284629391246
1.9825,-5.300993829623459
1.985,-4.307062374460399
1.9875,-3.368079273774751
1.99,-2.5806276177910723
1.9925,-2.037760467010385
1.995,-1.8145624181623214
1.9975,-1.949859797264355
2.0,-2.428045311118451
2.0025,-3.169539585021049
2.005,-4.034640758225961
2.0075,-4.842152489001216
2.01,-5.401285809634238
2.0125,-5.550415977115703
2.015,-5.194002092696658
2.0175,-4.328616007822894
2.02,-3.0502282379461727
2.0225,-1.5396819703758746
2.025,-0.028429275713351312
2.0275,1.2485780160076303
2.03,2.103932335169414
2.0325,2.441292289658979
2.035,2.2789251571324374
2.0375,1.7488992381335042
2.04,1.071945618073121
2.0425,0.5105697601938546
2.045,0.3087460495741736
2.0475,0.6343435649010681
2.05,1.537298634057389
2.0525,2.9309262637277427
2.055,4.60544612894267
2.0575,6.27200070307902
2.06,7.62659751476939
2.0625,8.421798075671742
2.065,8.529309185485975
2.0675,7.974895600909262
2.07,6.939300465249866
2.0725,5.723916935567033
2.075,4.6823999995066385
2.0775,4.139080846107295
2.08,4.313191685297773
2.0825,5.263593505835772
2.085,6.871544253883218
2.0875,8.864837725341605
2.09,10.876946804021774
2.0925,12.529523898352426
2.095,13.51626202251941
2.0975,13.668038363690457
2.1,12.987115695973351
2.1025,11.64049702792606
2.105,9.91554727740763
2.1075,8.151299433965354
2.11,6.661941335461264
2.1125,5.67097752223407
2.115,5.270417347633682
2.1175,5.413093523440657
2.12,5.937577778949457
2.1225,6.6175601208845
2.125,7.22153144551726
2.1275,7.568460830720785
2.13,7.5675978103545
2.1325,7.2333629041175564
2.135,6.673618699716825
2.1375,6.055526875357239
2.14,5.560641802159781
2.1425,5.339719232878894
2.145,5.475103311224445
2.1475,5.963137629761981
2.15,6.718447650922087
2.1525,7.594829129307279
2.155,8.419494998602568
2.1575,9.03184576585818
2.16,9.316400775834845
2.1625,9.222900909339199
2.165,8.77000072812984
2.1675,8.032605648107317
2.17,7.117259400663456
2.1725,6.133243777154756
2.175,5.166963154938342
2.1775,4.265740721675897
2.18,3.435496049140208
2.1825,2.651196937144862
2.185,1.8737159670842578
2.1875,1.0695084901364122
2.19,0.22698251671258435
2.1925,-0.6379029837261363
2.195,-1.4847773460739568
2.1975,-2.258779697185828
2.2,-2.9051534039738827
2.2025,-3.3817955706775957
2.205,-3.666169124906814
2.2075,-3.7545050193871052
2.21,-3.656284009351378
2.2125,-3.3874583025610154
2.215,-2.962751201333574
2.2175,-2.3945348286281716
2.22,-1.6986434747594465
2.2225,-0.9010046370841688
2.225,-0.044526345117551006
2.2275,0.8071378781136629
2.23,1.5745322128917822
2.2325,2.1764922305826753
2.235,2.5484789774947436
2.2375,2.662023338246618
2.24,2.5392854600418655
2.2425,2.2557555044956614
2.245,1.930371368408155
2.2475,1.7024298211468305
2.25,1.699844479459617
2.2525,2.006680149644805
2.255,2.636974199092975
2.2575,3.5240445511667713
2.26,4.528114259722506
2.2625,5.460984508310006
2.265,6.125798586235985
2.2675,6.3626711080144895
2.27,6.086838961429774
2.2725,5.312853248016519
2.275,4.158354186208962
2.2775,2.8222496025379136
2.28,1.5454626769084596
2.2825,0.5613033296571333
2.285,0.04592250096633857
2.2875,0.08446771312385695
2.29,0.6581312293231036
2.2925,1.6544598342946553
2.295,2.899905883264256
2.2975,4.203377148004669
2.3,5.397691385714095
2.3025,6.369893544073732
2.305,7.073062632737698
2.3075,7.515968792634762
2.31,7.737536371859853
2.3125,7.776167764981725
2.315,7.642467360281624
2.3175,7.306845398396989
2.32,6.70634431989171
2.3225,5.767431900631377
2.325,4.440065969382312
2.3275,2.7305284014635545
2.33,0.7212547275122013
2.3325,-1.428148602063626
2.335,-3.501927705298046
2.3375,-5.267304197830307
2.34,-6.522398882189915
2.3425,-7.140250922835592
2.345,-7.098303691556675
2.3475,-6.486033990028333
2.35,-5.488460790977539
2.3525,-4.349367035003498
2.355,-3.322044742328446
2.3575,-2.6201186157637504
2.36,-2.378806617041834
2.3625,-2.6333331748423343
2.365,-3.3179137016607214
2.3675,-4.284569138033775
2.37,-5.33434755233188
2.3725,-6.253026992352903
2.375,-6.845866231501574
2.3775,-6.962927141780487
2.38,-6.514291352507017
2.3825,-5.477408209064668
2.385,-3.8962363037065115
2.3875,-1.8766726191877112
2.39,0.41928928893866985
2.3925,2.7815869884847033
2.395,4.964426211185217
2.3975,6.7061632197233365
2.4,7.757439065950524
2.4025,7.916467323100861
2.405,7.067838804407161
2.4075,5.21727931998343
2.41,2.5122678632062145
2.4125,-0.7605763160693935
2.415,-4.2049251288491805
2.4175,-7.36945651383609
2.42,-9.821486143541117
2.4225,-11.22554849881424
2.425,-11.408663343890892
2.4275,-10.397967650989807
2.43,-8.42199908482438
2.4325,-5.872283778664789
2.435,-3.231696783923047
2.4375,-0.9864280922084391
2.44,0.46125149356891293
2.4425,0.8638831147536903
2.445,0.16610357027016898
2.4475,-1.4964038500463177
2.45,-3.8306913669666485
2.4525,-6.446751642700419
2.455,-8.930272536800489
2.4575,-10.911768582898475
2.46,-12.12033750653447
2.4625,-12.415677641644265
2.465,-11.796932181817963
2.4675,-10.3890822662206
2.47,-8.411767817138085
2.4725,-6.139435087849653
2.475,-3.859338245644489
2.4775,-1.8315980589086271
2.48,-0.2558074817320932
2.4825,0.7506203867253689
2.485,1.1602575252132852
2.4875,1.0317533419349507
2.49,0.49392757347880123
2.4925,-0.28180538215416817
2.495,-1.1141139719474102
2.4975,-1.8429274549554386
2.5,-2.3551825734475615
2.5025,-2.599834874492506
2.505,-2.5904072515342693
2.5075,-2.394603525989623
2.51,-2.1127011095983255
2.5125,-1.8519881419122812
2.515,-1.701440924267089
2.5175,-1.7110093256724352
2.52,-1.8809436358672282
2.5225,-2.1627388305300843
2.525,-2.4709796022031263
2.5275,-2.703678218253936
2.53,-2.7667457256803094
2.5325,-2.596982196609748
2.535,-2.179536774787067
2.5375,-1.556341247597839
2.54,-0.8224300260277019
2.5425,-0.11109924781335453
2.545,0.429551985783101
2.5475,0.6646983073201898
2.55,0.4992123367176641
2.5525,-0.1025784741430549
2.555,-1.1084599651999747
2.5575,-2.4240773653193206
2.56,-3.9095914279533255
2.5625,-5.40382706911466
2.565,-6.75270332871265
2.5675,-7.8325729854336705
2.57,-8.564542235691908
2.5725,-8.919659307465093
2.575,-8.912878826655763
2.5775,-8.590021559995336
2.58,-8.012460892776815
2.5825,-7.243780381690753
2.585,-6.342145711471628
2.5875,-5.358720152181309
2.59,-4.341137757076093
2.5925,-3.3385821436168346
2.595,-2.405549384065007
2.5975,-1.6018810638931438
2.6,-0.9870743111275522
2.6025,-0.6108552275198035
2.605,-0.5028866285965685
2.6075,-0.6640862609560957
2.61,-1.0621400702892672
2.6125,-1.6335706390128784
2.615,-2.2922729416567935
2.6175,-2.9414723656860944
2.62,-3.4884464871562666
2.6225,-3.8591315595587075
2.625,-4.008773396488186
2.6275,-3.9285317402860778
2.63,-3.646554556233005
2.6325,-3.22353082847264
2.635,-2.7435780234648903
2.6375,-2.3008514157821356
2.64,-1.984461940641038
2.6425,-1.8635486459934882
2.645,-1.9750427953302625
2.6475,-2.317172197297021
2.65,-2.850089516878834
2.6525,-3.50471633937804
2.655,-4.197556422088261
2.6575,-4.847457353605487
2.66,-5.391030764119408
2.6625,-5.7924668660528855
2.665,-6.044628963042606
2.6675,-6.161670124385142
2.67,-6.166838712997105
2.6725,-6.079639199277593
2.675,-5.906216658578377
2.6775,-5.6385258323391545
2.68,-5.2629077216263145
2.6825,-4.773329558614754
2.685,-4.185263643599698
2.6875,-3.5441080924732606
2.69,-2.9225415965691273
2.6925,-2.405125430585115
2.695,-2.0642936434165025
2.6975,-1.9356026417007173
2.7,-1.99864795036768
2.7025,-2.173351384728482
2.705,-2.336150821158187
2.7075,-2.3515344890729835
2.71,-2.113865803880233
2.7125,-1.5866451409860656
2.715,-0.8256563078525548
2.7175,0.021870766745197695
2.72,0.7467018497581469
2.7225,1.130787788881929
2.725,1.0111164143797176
2.7275,0.3382264835171624
2.73,-0.7871146805347128
2.7325,-2.112615935880635
2.735,-3.2733340087081864
2.7375,-3.8645914743924363
2.74,-3.5330577028984402
2.7425,-2.067506146641172
2.745,0.5329607974494395
2.7475,4.033389883815204
2.75,7.986985796194695
2.7525,11.806558448749135
2.755,14.870489249663214
2.7575,16.641579223738468
2.76,16.77395725237025
2.7625,15.183252666581925
2.765,12.065735675353144
2.7675,7.863099935929202
2.77,3.1789560759808446
2.7725,-1.3347761641955884
2.775,-5.09676362629334
2.7775,-7.696215742609093
2.78,-8.954626277576626
2.7825,-8.938764557364568
2.785,-7.924643541177723
2.7875,-6.323579909875672
2.79,-4.5886454103534975
2.7925,-3.1217157293332334
2.795,-2.2014478195575715
2.7975,-1.9445752831312002
2.8,-2.3039469508172097
2.8025,-3.099955347328743
2.805,-4.076302817245129
2.8075,-4.963461307514434
2.81,-5.534667104227795
2.8125,-5.647946605258919
2.815,-5.2650636307060905
2.8175,-4.446481187614949
2.82,-3.3290508478549956
2.8225,-2.091418271914982
2.825,-0.9166287122228785
2.8275,0.04064451288347362
2.83,0.6788181271737705
2.8325,0.9610843265171678
2.835,0.9140079551927146
2.8375,0.6161992432327521
2.84,0.17838823782605515
2.8425,-0.28069061804928763
2.845,-0.6591478443526021
2.8475,-0.8919856250824976
2.85,-0.9621134971262683
2.8525,-0.9027256193428159
2.855,-0.7866632522138391
2.8575,-0.7050041165547503
2.86,-0.7431525690683715
2.8625,-0.9567654168684475
2.865,-1.3529286715937479
2.8675,-1.8843540734259532
2.87,-2.4584195486608533
2.8725,-2.9582411889680786
2.875,-3.270696269827159
2.8775,-3.3168722811085174
2.88,-3.0762092820279685
2.8825,-2.5947101243339463
2.885,-1.9763427948814818
2.8875,-1.359587578810949
2.89,-0.8820479375328097
2.8925,-0.6434918306841038
2.895,-0.6780393001208341
2.8975,-0.9407102611027889
2.9,-1.3146610437467057
2.9025,-1.638561701998538
2.905,-1.7442617011766806
2.9075,-1.4982651529538888
2.91,-0.8375370717670197
2.9125,0.2128215195587315
2.915,1.5423565981306648
2.9175,2.9769896186747027
2.92,4.315542269758109
2.9225,5.370755176937269
2.925,6.006039883395892
2.9275,6.15872438844185
2.93,5.84621542580043
2.9325,5.157501779583431
2.935,4.231491048506885
2.9375,3.2301392760396066
2.94,2.3129858013956097
2.9425,1.616622258758909
2.945,1.2417395230294854
2.9475,1.2462729777078685
2.95,1.6434125301783584
2.9525,2.402140887465364
2.955,3.449203345561453
2.9575,4.673130077708836
2.96,5.931245239448516
2.9625,7.063625213887192
2.965,7.9133885477996335
2.9675,8.349177658700512
2.97,8.289477185927307
2.9725,7.722539748668526
2.975,6.715056045318309
2.9775,5.40764094828684
2.98,3.9955884461674835
2.9825,2.698227338759495
2.985,1.7218521514799219
2.9875,1.222956266103407
2.99,1.2799801218276334
2.9925,1.8780783680428863
2.995,2.91053552835382
2.9975,4.196764594159303
3.0,5.512148640756477
3.0025,6.6253104297907095
3.005,7.336977794489652
3.0075,7.513193583090487
3.01,7.107435432633166
3.0125,6.168047201273418
3.015,4.829707545929663
3.0175,3.28929636522545
3.02,1.7696743793098735
3.0225,0.4793198331307257
3.025,-0.42654880361655795
3.0275,-0.874461934535959
3.03,-0.8826137330082054
3.0325,-0.5522976522835912
3.035,-0.04190218092843995
3.0375,0.47205384694311675
3.04,0.8377703429285674
3.0425,0.9622459714683518
3.045,0.8290527889340341
3.0475,0.49719348557147025
3.05,0.07852614976797997
3.0525,-0.2982546751542666
3.055,-0.526245184396237
3.0575,-0.551331038245932
3.06,-0.3848927977840739
3.0625,-0.09636791368991643
3.065,0.21263028070662554
3.0675,0.4450574131936605
3.07,0.5429570843203552
3.0725,0.5101021365131146
3.075,0.41509739712437327
3.0775,0.3730552710171785
3.08,0.5119997064186467
3.0825,0.9330273396878663
3.085,1.6757746024469675
3.0875,2.70143175255151
3.09,3.8970804876430707
3.0925,5.100059969030815
3.095,6.137876126882423
3.0975,6.871264038654522
3.1,7.227925382625963
3.1025,7.21888344076773
3.105,6.933642793873358
3.1075,6.515250036731987
3.11,6.1223809374721325
3.1125,5.889925478403961
3.115,5.897248524273
3.1175,6.151828997396455
3.12,6.59212085758583
3.1225,7.106450811306462
3.125,7.562566792496697
3.1275,7.839910631460139
3.13,7.856245501498348
3.1325,7.583087978251907
3.135,7.047449738798871
3.1375,6.322113529413669
3.14,5.507526245499228
3.1425,4.709730825914352
3.145,4.021513393479365
3.1475,3.5086720941805583
3.15,3.2017227641153303
3.1525,3.0944538357336384
3.155,3.1483726870080573
3.1575,3.300441700474321
3.16,3.47185790423207
3.1625,3.5797087478618312
3.165,3.5499159929412483
3.1675,3.327523824359875
3.17,2.886869676456655
3.1725,2.2396007748456874
3.175,1.4359803846392551
3.1775,0.5612818235327084
3.18,-0.2733207426182316
3.1825,-0.9470005863723614
3.185,-1.3495181033312593
3.1875,-1.399651177344756
3.19,-1.0605325640227337
3.1925,-0.34969809261553403
3.195,0.6615142936252458
3.1975,1.8573772295920028
3.2,3.094632002744319
3.2025,4.225343937489496
3.205,5.11997106450404
3.2075,5.688103432869772
3.21,5.893543591180494
3.2125,5.757805608673548
3.215,5.352782207631037
3.2175,4.786050114179753
3.22,4.17854670532802
3.2225,3.6396921853007287
3.225,3.247656427667301
3.2275,3.036228809993354
3.23,2.9909922408783283
3.2325,3.057370421772098
3.235,3.155824889160763
3.2375,3.2014667922738984
3.24,3.123525008959138
3.2425,2.877419497056159
3.245,2.4497486209269894
3.2475,1.8544914157263892
3.25,1.1213068911067496
3.2525,0.28289167855124986
3.255,-0.6351536939349426
3.2575,-1.6181105397320277
3.26,-2.6576918348786096
3.2625,-3.740958368023834
3.265,-4.835751359500515
3.2675,-5.878697396348166
3.27,-6.772265617609616
3.2725,-7.393161037347284
3.275,-7.611972221445172
3.2775,-7.3221815493627185
3.28,-6.470411721040452
3.2825,-5.080172261012224
3.285,-3.2620933534298597
3.2875,-1.204517580431103
3.29,0.8535341520792862
3.2925,2.662518457171673
3.295,4.007384758042104
3.2975,4.746304631642757
3.3,4.83490407803568
3.3025,4.327616811715491
3.305,3.3586714525854573
3.3075,2.1092908194849844
3.31,0.7652945219843439
3.3125,-0.5208081115783852
3.315,-1.6538875056755522
3.3175,-2.6032520264424597
3.32,-3.390839937129132
3.3225,-4.0667986356593655
3.325,-4.679871379438652
3.3275,-5.251251575151763
3.33,-5.761361028396013
3.3325,-6.152442934800901
3.335,-6.344729371308705
3.3375,-6.261601798760867
3.34,-5.858049012042543
3.3425,-5.142699285487825
3.345,-4.185013776503712
3.3475,-3.109333113451722
3.35,-2.075316010587235
3.3525,-1.2446739496980874
3.355,-0.7467455443660755
3.3575,-0.65148647953022
3.36,-0.9515059991211346
3.3625,-1.5608733580609973
3.365,-2.3334730873822864
3.3675,-3.0943963024328447
3.37,-3.6780383496005107
3.3725,-3.9659041210617585
3.375,-3.9156885065534377
3.3775,-3.5744503003893144
3.38,-3.0705743930493927
3.3825,-2.5870003487855673
3.385,-2.3226672683606147
3.3875,-2.446790935359384
3.39,-3.0576050038091958
3.3925,-4.156715563274268
3.395,-5.642136961233697
3.3975,-7.323103659414367
3.4,-8.954163482531287
3.4025,-10.280035166348677
3.405,-11.082167789916365
3.4075,-11.21855860580661
3.41,-10.648436994595784
3.4125,-9.437361602386275
3.415,-7.7441032804503935
3.4175,-5.792017865606356
3.42,-3.8319217331078628
3.4225,-2.1032757491983345
3.425,-0.7995653134831011
3.4275,-0.04429725833028603
3.43,0.12082177388357998
3.4325,-0.264906360162674
3.435,-1.0933304964679817
3.4375,-2.208022451608524
3.44,-3.429885043455375
3.4425,-4.5833808452487785
3.445,-5.520675936097165
3.4475,-6.139488280280105
3.45,-6.392499686294393
3.4525,-6.288744329575521
3.455,-5.885147886352894
3.4575,-5.270302033943408
3.46,-4.546006334670863
3.4625,-3.8081490889129332
3.465,-3.1301383151608912
3.4675,-2.555264666919989
3.47,-2.096783527936615
3.4725,-1.7441121526516457
3.475,-1.475272565774311
3.4775,-1.2698703319998075
3.48,-1.1183821377258307
3.4825,-1.026009092871525
3.485,-1.0090365838686208
3.4875,-1.086066305655684
3.49,-1.2683685116407957
3.4925,-1.5505861324602612
3.495,-1.9075572306339625
3.4975,-2.299762168187824
3.5,-2.682431979052131
3.5025,-3.0182386952505604
3.505,-3.288753834885717
3.5075,-3.498549979169869
3.51,-3.67139377184641
3.5125,-3.838626283208905
3.515,-4.0230808601615875
3.5175,-4.223610887329669
3.52,-4.406365848677869
3.5225,-4.506680640162371
3.525,-4.441776803843768
3.5275,-4.131227876709825
3.53,-3.5202003311278434
3.5325,-2.599362171301439
3.535,-1.4146322612528535
3.5375,-0.06356984004273819
3.54,1.320289420992278
3.5425,2.5916174677793475
3.545,3.6211067093743856
3.5475,4.319424947861183
3.55,4.652066345787727
3.5525,4.6429391136348785
3.555,4.364867515319764
3.5575,3.9209061024860667
3.56,3.4225043781412277
3.5625,2.9667422146488316
3.565,2.6182135243901477
3.5675,2.400715610373802
3.57,2.2977699774259914
3.5725,2.260981030593321
3.575,2.224516130479211
3.5775,2.122018457354905
3.58,1.9023705707300982
3.5825,1.5416981129292386
3.585,1.047881541469085
3.5875,0.4585049824467712
3.59,-0.1654521632668722
3.5925,-0.7499048593627657
3.595,-1.2176991011064378
3.5975,-1.4952888162295166
3.6,-1.515694293894006
3.6025,-1.2193028514334632
3.605,-0.554500703723013
3.6075,0.5189898104939205
3.61,2.022058292860395
3.6125,3.9435048194305216
3.615,6.2254978763235265
3.6175,8.75218945441226
3.62,11.346532013792455
3.6225,13.779846815939804
3.625,15.795809147238321
3.6275,17.147005961916395
3.63,17.63657738477165
3.6325,17.15599991227684
3.635,15.710570268498474
3.6375,13.425068582581325
3.64,10.527704282054847
3.6425,7.315501378677319
3.645,4.109679752719648
3.6475,1.2112203759086329
3.65,-1.1363678603226828
3.6525,-2.770382750607894
3.655,-3.6155734947881846
3.6575,-3.679174031581855
3.66,-3.0390237220739595
3.6625,-1.82847320202498
3.665,-0.22276006593842462
3.6675,1.5728737650938815
3.67,3.335051664788463
3.6725,4.837177143443665
3.675,5.871097986979333
3.6775,6.273583891092629
3.68,5.953159008190513
3.6825,4.912793077860177
3.685,3.261279890702391
3.6875,1.2055486341022914
3.69,-0.9771781323672667
3.6925,-2.981245407697342
3.695,-4.5228875027019955
3.6975,-5.390114836975385
3.7,-5.478803651843716
3.7025,-4.807042981760154
3.705,-3.5071489841440546
3.7075,-1.7961412797789018
3.71,0.06875301237662025
3.7125,1.838305059779788
3.715,3.3141140365682893
3.7175,4.376024447393707
3.72,4.9900833927423305
3.7225,5.198056783757274
3.725,5.090820373919725
3.7275,4.773503174686795
3.73,4.332354102068419
3.7325,3.812095571043772
3.735,3.208581688905719
3.7375,2.478873920763293
3.74,1.5670419537205014
3.7425,0.4364528676796307
3.745,-0.900025836871872
3.7475,-2.361258648128006
3.75,-3.7993461948498215
3.7525,-5.021753465217739
3.755,-5.8315965228370255
3.7575,-6.0775211930873
3.76,-5.698173122310566
3.7625,-4.749026453408723
3.765,-3.402886901016427
3.7675,-1.9201130525913943
3.77,-0.5942013144221098
3.7725,0.3144082357369737
3.775,0.6397696800660633
3.7775,0.35128311875930013
3.78,-0.4373468353913958
3.7825,-1.4950107007624989
3.785,-2.528794698329709
3.7875,-3.2554367584460295
3.79,-3.4704644688830766
3.7925,-3.0962095500799913
3.795,-2.1981764015393352
3.7975,-0.9668709640941645
3.8,0.33036630801842426
3.8025,1.4151852036364312
3.805,2.0638188796754293
3.8075,2.157184130422931
3.81,1.706116891301778
3.8125,0.8464021570861842
3.815,-0.1941142382571241
3.8175,-1.146054239532627
3.82,-1.7549217522600895
3.8225,-1.8313674463160647
3.825,-1.2853329537924267
3.8275,-0.13950447201142854
3.83,1.4791630437049905
3.8325,3.3663331307013578
3.835,5.277655857363341
3.8375,6.969233015830416
3.84,8.235289154262954
3.8425,8.935247953077482
3.845,9.006442026130173
3.8475,8.464404299065476
3.85,7.391175227371895
3.8525,5.915735693919628
3.855,4.192807461778322
3.8575,2.382714341466026
3.86,0.6366673724707882
3.8625,-0.9119345255865643
3.865,-2.1532071308881777
3.8675,-3.0043020732809538
3.87,-3.412516721921768
3.8725,-3.3604436381567204
3.875,-2.8735788309514434
3.8775,-2.0251927179626414
3.88,-0.9354440717603332
3.8825,0.23624640700223146
3.885,1.3095343695336392
3.8875,2.1113174379863127
3.89,2.5077297859359837
3.8925,2.432609390194626
3.895,1.9056237482388119
3.8975,1.0344025106804713
3.9,-0.0035294457387843453
3.9025,-0.9967951299283955
3.905,-1.7452326493503578
3.9075,-2.104962412020595
3.91,-2.023689104429791
3.9125,-1.555900214479288
3.915,-0.8533946856720142
3.9175,-0.1337075656491917
3.92,0.3673320878105693
3.9225,0.4491804886355193
3.925,-0.0080334294910464
3.9275,-1.0161726990022002
3.93,-2.474532345951147
3.9325,-4.191358960249135
3.935,-5.925533914262423
3.9375,-7.437425056986367
3.94,-8.537830146980035
3.9425,-9.124526986329636
3.945,-9.198557128632363
3.9475,-8.856289029496374
3.95,-8.261296189248045
3.9525,-7.603177775421116
3.955,-7.052561166883497
3.9575,-6.72385626740957
3.96,-6.65321367438469
3.9625,-6.795769099676684
3.965,-7.0429125703847335
3.9675,-7.254151129949888
3.97,-7.29399795719697
3.9725,-7.065350383662741
3.975,-6.532099353162333
3.9775,-5.724712553351103
3.98,-4.728523994702671
3.9825,-3.66028531409716
3.985,-2.6384979089469613
3.9875,-1.7551180046614172
3.99,-1.0573700330663285
3.9925,-0.5423317580226051
3.995,-0.16483157624966668
3.9975,0.14366798579172893
4.0,0.4518348662924098
4.0025,0.8074403965015264
4.005,1.2235693065873732
4.0075,1.6750712393579525
4.01,2.1050652361224444
4.0125,2.438620129797496
4.015,2.5997153167387452
4.0175,2.526623931150378
4.02,2.1841044435980637
4.0225,1.5703301194155583
4.025,0.7177530577422891
4.0275,-0.3096346695888094
4.03,-1.4228460929422413
4.0325,-2.516653951258473
4.035,-3.4797504702384647
4.0375,-4.207545433934431
4.04,-4.616032940778943
4.0425,-4.6558265493041056
4.045,-4.324754751124045
4.0475,-3.675460268312136
4.05,-2.8156529815198823
4.0525,-1.8982744908027833
4.055,-1.1013370415979082
4.0575,-0.6005445244174391
4.06,-0.538114135990999
4.0625,-0.993632327499311
4.065,-1.9624176361856858
4.0675,-3.346882177739897
4.07,-4.9645933832576565
4.0725,-6.571192831736313
4.075,-7.896922598774991
4.0775,-8.69158562699446
4.08,-8.768351750794276
4.0825,-8.039658175132043
4.085,-6.538711868153122
4.0875,-4.420469624769991
4.09,-1.9418381066084165
4.0925,0.5754876508586876
4.095,2.7947342277030964
4.0975,4.41800207496747
4.1,5.233952500350376
4.1025,5.151892084133547
4.105,4.217403958233643
4.1075,2.6043617817923392
4.11,0.5860027807762639
4.1125,-1.507784992502056
4.115,-3.3413574663231054
4.1175,-4.624710652680715
4.12,-5.155346593417205
4.1225,-4.84412737687092
4.125,-3.7241788183422417
4.1275,-1.9421964267441174
4.13,0.26697533854036026
4.1325,2.617459545898335
4.135,4.814092411906066
4.1375,6.592296533511071
4.14,7.75170050215977
4.1425,8.179555717741819
4.145,7.860090269889128
4.1475,6.869758409800719
4.15,5.36117837676
4.1525,3.5387560803460927
4.155,1.6289867171367585
4.1575,-0.14957072041790823
4.16,-1.6117799007554394
4.1625,-2.6245201099898696
4.165,-3.1164514123933924
4.1675,-3.079639648060413
4.17,-2.5637961724292984
4.1725,-1.665464614413905
4.175,-0.5148318732029845
4.1775,0.7394346497424088
4.18,1.9441704949923555
4.1825,2.955569365571434
4.185,3.6537781875746944
4.1875,3.954975260231961
4.19,3.8216762577722423
4.1925,3.2698126590398062
4.195,2.3687684698224367
4.1975,1.2334297820234679
4.2,0.008181676154730075
4.2025,-1.15600396650685
4.205,-2.127302165107924
4.2075,-2.8155314482893163
4.21,-3.1873039790916327
4.2125,-3.270082384181073
4.215,-3.1424183727081085
4.2175,-2.9142482105016017
4.22,-2.7021625792964064
4.2225,-2.603930337075162
4.225,-2.679272503947541
4.2275,-2.9408836628319484
4.23,-3.355814959909506
4.2325,-3.854844879966102
4.235,-4.34628143697769
4.2375,-4.731652122895246
4.24,-4.91947197150482
4.2425,-4.835787741836754
4.245,-4.433519644124884
4.2475,-3.7012738446525284
4.25,-2.67012208529213
4.2525,-1.4169527527841816
4.255,-0.06370703879170006
4.2575,1.2316259283480204
4.26,2.29400050686371
4.2625,2.9574363056833204
4.265,3.095756656151406
4.2675,2.6512963566617542
4.27,1.652496460566773
4.2725,0.2160664411178485
4.275,-1.4679457289651996
4.2775,-3.1680262289666508
4.28,-4.652995196161395
4.2825,-5.732852264710186
4.285,-6.290309442597002
4.2875,-6.297021528824477
4.29,-5.811772048913408
4.2925,-4.9618972291807415
4.295,-3.9125713990027626
4.2975,-2.8328664370598644
4.3,-1.8666483626341595
4.3025,-1.1118021798051858
4.305,-0.6107574024982505
4.3075,-0.3537512548674891
4.31,-0.29117121045743616
4.3125,-0.3494616184877766
4.315,-0.4474849414993266
4.3175,-0.5105363016267286
4.32,-0.4796212485515933
4.3225,-0.3157152567767824
4.325,0.00021460590611625113
4.3275,0.4689031788561843
4.33,1.0753614846124941
4.3325,1.7912543517594477
4.335,2.5755500416930532
4.3375,3.3750844828794504
4.34,4.126328982474109
4.3425,4.759332210503431
4.345,5.20496408135934
4.3475,5.405731465279774
4.35,5.328796140663828
4.3525,4.977350888516626
4.355,4.396842376417028
4.3575,3.674239931326896
4.36,2.9275733574616325
4.3625,2.286256327892075
4.365,1.866893197803108
4.3675,1.7488847769892182
4.37,1.9557128171373188
4.3725,2.447029358767287
4.375,3.1241828287305595
4.3775,3.8483919291820414
4.38,4.467372884510429
4.3825,4.844791645429423
4.385,4.886100243410801
4.3875,4.555475496899017
4.39,3.8804669171623813
4.3925,2.9448490028766225
4.395,1.872645222575386
4.3975,0.8068368776732356
4.4,-0.11311577693099634
4.4025,-0.7710667242774567
4.405,-1.0897879237970458
4.4075,-1.0403236138393033
4.41,-0.6454198025915587
4.4125,0.02171244128855847
4.415,0.8467235961308831
4.4175,1.6894295349184372
4.42,2.4036570962380996
4.4225,2.861844714593188
4.425,2.979176286262692
4.4275,2.7321932190483462
4.43,2.1669885847311177
4.4325,1.393054076607608
4.435,0.5613277179584227
4.4375,-0.16929477296230444
4.44,-0.6697925899425411
4.4425,-0.8733566664343216
4.445,-0.7917265027831343
4.4475,-0.5103116476506137
4.45,-0.15947274046428186
4.4525,0.1313749817377314
4.455,0.2830665039017699
4.4575,0.30724811258204016
4.46,0.32384751273265
4.4625,0.5445388342362413
4.465,1.2257943586282172
4.4675,2.599863574150838
4.47,4.798225038520013
4.4725,7.791915874961589
4.475,11.363899092081851
4.4775,15.122975516560146
4.48,18.56319313397286
4.4825,21.155124970302754
4.485,22.447929114149986
4.4875,22.161566367909813
4.49,20.247361541830205
4.4925,16.90102379214221
4.495,12.527401147834858
4.4975,7.666798191056746
4.5,2.8982052679135384
4.5025,-1.2584439382548986
4.505,-4.420518301316975
4.5075,-6.388089026209825
4.51,-7.1510429492057055
4.5125,-6.862152346501647
4.515,-5.785983753045861
4.5175,-4.237052874887734
4.52,-2.5210557078864313
4.5225,-0.8894635010715719
4.525,0.4875286378522118
4.5275,1.529038407413168
4.53,2.2350636137608855
4.5325,2.6674781898236897
4.535,2.9244427101718604
4.5375,3.113159172591179
4.54,3.3269116168300332
4.5425,3.6264524255109647
4.545,4.027836741043357
4.5475,4.501158332518835
4.55,4.978812916486756
4.5525,5.370137642175315
4.555,5.581915636937474
4.5575,5.541139546495569
4.56,5.213226827348665
4.5625,4.6115931604062
4.565,3.7980446990121055
4.5675,2.874040977393778
4.57,1.9626858620487422
4.5725,1.1870242127263708
4.575,0.6509322616869743
4.5775,0.4243070522647461
4.58,0.534803252336669
4.5825,0.9675369822918015
4.585,1.6710735678382407
4.5875,2.566288516340333
4.59,3.5557454946599303
4.5925,4.532660272515283
4.595,5.39016234007342
4.5975,6.031020332650887
4.6,6.3763940500926655
4.6025,6.375970097589961
4.605,6.018996274495992
4.6075,5.340173843768819
4.61,4.418870906773611
4.6125,3.371635287557729
4.615,2.3355950271312333
4.6175,1.4452264564810495
4.62,0.8075646622449196
4.6225,0.4810992424582471
4.625,0.46415218284779675
4.6275,0.6951662422713628
4.63,1.0660832341116377
4.6325,1.4464868578967052
4.635,1.7116442218591879
4.6375,1.7686414877411212
4.64,1.5745565953242475
4.6425,1.1412374608343723
4.645,0.5270031709318745
4.6475,-0.18150805674729004
4.65,-0.8933647139773288
4.6525,-1.5353873165843281
4.655,-2.066183171074672
4.6575,-2.480735645960772
4.66,-2.803289560570926
4.6625,-3.071198282113624
4.665,-3.3170593959539416
4.6675,-3.5534602927959584
4.67,-3.7641946178759684
4.6725,-3.905984169004145
4.675,-3.9201625062014505
4.6775,-3.749788088648061
4.68,-3.357845540390952
4.6825,-2.7418799940698855
4.685,-1.939619114091699
4.6875,-1.0235014238531206
4.69,-0.08680393339813233
4.6925,0.7758533594662802
4.695,1.4899804201973503
4.6975,2.016571005005042
4.7,2.3582451511219684
4.7025,2.556420640170691
4.705,2.677742024730917
4.7075,2.7943822503307896
4.71,2.964276200405144
4.7125,3.2141569133521597
4.715,3.529555461741305
4.7175,3.8556124180395366
4.72,4.107657150560663
4.7225,4.188060565668929
4.725,4.007157902851233
4.7275,3.5041358379183096
4.73,2.663282536118112
4.7325,1.5228134041624644
4.735,0.17415113732559898
4.7375,-1.2478796510055599
4.74,-2.5820755967295366
4.7425,-3.664382684224566
4.745,-4.3545769110776344
4.7475,-4.559975821815246
4.75,-4.253274975140352
4.7525,-3.481965033342361
4.755,-2.364306468923836
4.7575,-1.0722047351673945
4.76,0.19577167937505974
4.7625,1.248856689233816
4.765,1.9378068380632656
4.7675,2.1804481400876776
4.77,1.974319458158713
4.7725,1.3920376987699936
4.775,0.5594782546135662
4.7775,-0.37908508827907583
4.78,-1.2991480826667505
4.7825,-2.12803460471194
4.785,-2.8643652128493047
4.7875,-3.576679855910895
4.79,-4.37958326470712
4.7925,-5.394910572643068
4.795,-6.7067715785147906
4.7975,-8.321277917554028
4.8,-10.143373325189327
4.8025,-11.979597149255206
4.805,-13.567324592361945
4.8075,-14.625537102095738
4.81,-14.91727488607845
4.8125,-14.307772837337756
4.815,-12.80396556336198
4.8175,-10.565099608837945
4.82,-7.879053747076646
4.8225,-5.109347369676502
4.825,-2.62420000270299
4.8275,-0.7234724478324175
4.83,0.41810609027468987
4.8325,0.7779891545995985
4.835,0.4767875865634784
4.8375,-0.26370713664843215
4.84,-1.1846156988518568
4.8425,-2.060126251614874
4.845,-2.753880359566722
4.8475,-3.247144936610155
4.85,-3.6332793489587014
4.8525,-4.079226929722246
4.855,-4.76558018004777
4.8575,-5.822813618181295
4.86,-7.280463427623626
4.8625,-9.044092268444206
4.865,-10.906440231921028
4.8675,-12.588969997416784
4.87,-13.802672230739557
4.8725,-14.313413810844096
4.875,-13.99396163804106
4.8775,-12.849928930857248
4.88,-11.016561940890359
4.8825,-8.727435568782651
4.885,-6.264867568281328
4.8875,-3.9062856321307136
4.89,-1.8784007354101242
4.8925,-0.3288903596027874
4.895,0.6813725284817754
4.8975,1.1676989251772643
4.9,1.1987502527762308
4.9025,0.8710877663382979
4.905,0.28811258700341297
4.9075,-0.4528094487059899
4.91,-1.2649005432946645
4.9125,-2.0705787205548156
4.915,-2.799286555485383
4.9175,-3.3895792380307213
4.92,-3.7957665767152666
4.9225,-3.9976687701212357
4.925,-4.010187041816737
4.9275,-3.88773280672703
4.93,-3.7189039957984997
4.9325,-3.6111880989011236
4.935,-3.668428846085285
4.9375,-3.9655133776746014
4.94,-4.527838028167421
4.9425,-5.321356173685306
4.945,-6.256581986161729
4.9475,-7.2055839176867815
4.95,-8.027453696374273
4.9525,-8.596045415750803
4.955,-8.821904897728986
4.9575,-8.663305106107556
4.96,-8.125450675990152
4.9625,-7.250261119470652
4.965,-6.101175045780106
4.9675,-4.7488915981554705
4.97,-3.2635789545459164
4.9725,-1.7141770953447912
4.975,-0.17301381600716842
4.9775,1.2773618864221343
4.98,2.5413311237498157
4.9825,3.51486830871505
4.985,4.098812337407774
4.9875,4.2191784578906315
4.99,3.8476378690198665
4.9925,3.0174842432936533
4.995,1.8295390262428186
4.9975,0.4422284609057806
5.0,-0.9505186428856685
5.0025,-2.1487722219110643
5.005,-2.979987419589206
5.0075,-3.3266510829698084
5.01,-3.142003059076039
5.0125,-2.454453488323473
5.015,-1.3584511356984958
5.0175,0.005006968386400357
5.02,1.470437993306498
5.0225,2.8704142187375457
5.025,4.0549740678641495
5.0275,4.904911911308527
5.03,5.339685136107165
5.0325,5.321656095198963
5.035,4.858140905411032
5.0375,4.001106092350464
5.04,2.844371337796751
5.0425,1.5178803685389521
5.045,0.1775245071238226
5.0475,-1.010816230024914
5.05,-1.8914706985855647
5.0525,-2.3404854294502084
5.055,-2.2851930091052606
5.0575,-1.7179897764120384
5.06,-0.7004534822767042
5.0625,0.6445755759579583
5.065,2.151896288545758
5.0675,3.6395279489698287
5.07,4.937482058312428
5.0725,5.91542453714529
5.075,6.5008718998989625
5.0775,6.685014333328186
5.08,6.517602155784493
5.0825,6.091045325695557
5.085,5.517008749353701
5.0875,4.902455503849272
5.09,4.3318994304012985
5.0925,3.8578539110834593
5.095,3.500448312891896
5.0975,3.2568701936210456
5.1,3.114590068202146
5.1025,3.063689603711963
5.105,3.104906262010454
5.1075,3.2480625428646914
5.11,3.5030347156031594
5.1125,3.8665790862822917
5.115,4.308600506093692
5.1175,4.7655865443865615
5.12,5.144736597560003
5.1225,5.3394053189787964
5.125,5.2537761051744605
5.1275,4.829346610393852
5.13,4.065786203674469
5.1325,3.0306803238370166
5.135,1.852336179636515
5.1375,0.6965874025108774
5.14,-0.2660308430462687
5.1425,-0.897154141726491
5.145,-1.1209177745953394
5.1475,-0.9395814036040099
5.15,-0.43186967975389984
5.1525,0.26650490096138213
5.155,0.9943674126531352
5.1575,1.6009605023445432
5.16,1.9776358866092243
5.1625,2.0771991907334657
5.165,1.9185063573800096
5.1675,1.5760353109520286
5.17,1.1576874128014054
5.1725,0.7779621927720053
5.175,0.5325876383748466
5.1775,0.48035272219955627
5.18,0.6353345422077111
5.1825,0.9696713652274411
5.185,1.4241782864843813
5.1875,1.9234028063622464
5.19,2.3921641887523095
5.1925,2.7683458178962335
5.195,3.0104355182275433
5.1975,3.100374619418583
5.2,3.041143698390663
5.2025,2.851363971874302
5.205,2.5591440070959117
5.2075,2.195883017941046
5.21,1.7913016547593452
5.2125,1.3700490784773738
5.215,0.9489294148160041
5.2175,0.5343576627941766
5.22,0.12136944311516204
5.2225,-0.3047732857702417
5.225,-0.7654735676615501
5.2275,-1.2840582209288731
5.23,-1.8785575409851296
5.2325,-2.55378644346214
5.235,-3.295703605866209
5.2375,-4.06940427562264
5.24,-4.821498680366249
5.2425,-5.487188968075039
5.245,-6.001155960655748
5.2475,-6.310543858430283
5.25,-6.38583515308064
5.2525,-6.2260919004680915
5.255,-5.858852943499941
5.2575,-5.334515427062722
5.26,-4.716295325293982
5.2625,-4.069829509536811
5.265,-3.454018973329235
5.2675,-2.9162138684336543
5.27,-2.4925275382731007
5.2725,-2.20889075331344
5.275,-2.0822124464454324
5.2775,-2.1212033028543336
5.28,-2.323160376230193
5.2825,-2.6666367727032974
5.285,-3.1057126459672277
5.2875,-3.568293365550488
5.29,-3.9600753673056053
5.2925,-4.17720785480715
5.295,-4.126100477924491
5.2975,-3.746207501787412
5.3,-3.028896827589036
5.3025,-2.0261233981287905
5.305,-0.846467082540322
5.3075,0.36329726239311083
5.31,1.4489331451804661
5.3125,2.2824610488650596
5.315,2.7896719564815156
5.3175,2.966184460740129
5.32,2.8757644641946007
5.3225,2.629217582489871
5.325,2.352251844454128
5.3275,2.1507700671465058
5.33,2.0818758081244737
5.3325,2.1402621830336677
5.335,2.2639256562457755
5.3375,2.356486400805722
5.34,2.3193990485273273
5.3425,2.0851630030444417
5.345,1.6418002823582998
5.3475,1.0411921488449016
5.35,0.389963645391933
5.3525,-0.1732331673176207
5.355,-0.5070869300130891
5.3575,-0.49558566474539045
5.36,-0.06586391546288474
5.3625,0.8068810445911897
5.365,2.1048316770217994
5.3675,3.7801057167572187
5.37,5.766555400093853
5.3725,7.985946411109801
5.375,10.34601353395374
5.3775,12.73171832459514
5.38,14.99760724569135
5.3825,16.966294255901232
5.385,18.43906773137292
5.3875,19.222030239681608
5.39,19.16271887544204
5.3925,18.189850525588838
5.395,16.345664748811394
5.3975,13.798982118487418
5.4,10.832657032253609
5.4025,7.804707149592169
5.405,5.088887131144237
5.4075,3.0070581984515323
5.41,1.7684616201136452
5.4125,1.4299263841130856
5.415,1.887429453536323
5.4175,2.9023065767565486
5.42,4.154287897678506
5.4225,5.310923995277596
5.425,6.099475577737963
5.4275,6.361875377725674
5.43,6.080460692890685
5.4325,5.371253811156711
5.435,4.446031946153309
5.4375,3.551539213020844
5.44,2.9030226994624195
5.4425,2.6285398572356087
5.445,2.7368556859436204
5.4475,3.1173713963286858
5.45,3.571100822028308
5.4525,3.8646414770789845
5.455,3.7932035459978146
5.4575,3.236104760133445
5.46,2.1913433215587
5.4625,0.7793221132906533
5.465,-0.7843414366315344
5.4675,-2.238354891249389
5.47,-3.337026598147571
5.4725,-3.905969353515258
5.475,-3.8773437749381614
5.4775,-3.298808385592525
5.48,-2.314551081397431
5.4825,-1.123972245195424
5.485,0.0684804604180675
5.4875,1.0984784922813096
5.49,1.8722255184113095
5.4925,2.3748191220749417
5.495,2.6561435689280914
5.4975,2.8021206984217413
5.5,2.901182625860968
5.5025,3.0155737892252987
5.505,3.165275861464053
5.5075,3.3280131757069107
5.51,3.453094468846778
5.5125,3.481999781823324
5.515,3.367790915687334
5.5175,3.0881425196158387
5.52,2.6487283784123727
5.5225,2.0763899298637103
5.525,1.4076831136709989
5.5275,0.6789090688007786
5.53,-0.07879990211743168
5.5325,-0.8375389322854593
5.535,-1.565144538871484
5.5375,-2.216366741069549
5.54,-2.7279501015539576
5.5425,-3.0216900558412196
5.545,-3.01731887489481
5.5475,-2.651766042506354
5.55,-1.8988332960223449
5.5525,-0.7840730983302385
5.555,0.6103924453440464
5.5575,2.155223120772188
5.56,3.6959247487529496
5.5625,5.080393814912355
5.565,6.1849401732447085
5.5675,6.933561193327331
5.57,7.304207623647432
5.5725,7.319863470200112
5.575,7.029951194673917
5.5775,6.488003584143641
5.58,5.731774711572592
5.5825,4.773435552331504
5.585,3.602960801003968
5.5875,2.202906610352107
5.59,0.570247667988373
5.5925,-1.2617817267827625
5.595,-3.209767505959199
5.5975,-5.140738187646913
5.6,-6.888893662444709
5.6025,-8.285441490116678
5.605,-9.195676103693918
5.6075,-9.553137539408608
5.61,-9.381326229488888
5.6125,-8.795841100631533
5.615,-7.984150303350587
5.6175,-7.166848534066526
5.62,-6.548515542145367
5.6225,-6.269831578059241
5.625,-6.373409037604504
5.6275,-6.7925935659856185
5.63,-7.36627071305318
5.6325,-7.8771537990053675
5.635,-8.104723429029612
5.6375,-7.878929416097208
5.64,-7.1213775164761515
5.6425,-5.864723644208494
5.645,-4.2458897380415035
5.6475,-2.4750958090475432
5.65,-0.7892638713914925
5.6525,0.5973448729043732
5.655,1.5334933184922048
5.6575,1.955149638218514
5.66,1.8888506978215651
5.6625,1.4355270922786723
5.665,0.7414284672840767
5.6675,-0.034907590313513134
5.67,-0.7519977320290793
5.6725,-1.3067512276136846
5.675,-1.6441081038993977
5.6775,-1.7557790748372242
5.68,-1.6719139468468946
5.6825,-1.4494495434088412
5.685,-1.1602658416357314
5.6875,-0.8803047528535874
5.69,-0.6814321904294813
5.6925,-0.6258495563950347
5.695,-0.760963646995431
5.6975,-1.115356548431401
5.7,-1.6962167735518074
5.7025,-2.4879323211571283
5.705,-3.4515141418533797
5.7075,-4.525787895644015
5.71,-5.632498305990589
5.7125,-6.68261401406282
5.715,-7.58343638337706
5.7175,-8.249709765139926
5.72,-8.614960474916556
5.7225,-8.640213903001477
5.725,-8.321811033194336
5.7275,-7.6959241470780855
5.73,-6.836288122432729
5.7325,-5.846162079497426
5.735,-4.846162230552057
5.7375,-3.957455560306533
5.74,-3.2842129069735346
5.7425,-2.8992866544217644
5.745,-2.834496107876647
5.7475,-3.0784911705609774
5.75,-3.5818013212054116
5.7525,-4.267420537536587
5.755,-5.045305962189111
5.7575,-5.8276048437413985
5.76,-6.54118028476609
5.7625,-7.1363642922498345
5.765,-7.59208315966303
5.7675,-7.9150443339604
5.77,-8.134079541790618
5.7725,-8.292802569690258
5.775,-8.440027584782058
5.7775,-8.618698599318241
5.78,-8.856533056694923
5.7825,-9.160036461242917
5.785,-9.512453890407611
5.7875,-9.876059826229103
5.79,-10.199719862189529
5.7925,-10.430206897481536
5.795,-10.523265751098009
5.7975,-10.452787172781894
5.8,-10.215557449785843
5.8025,-9.829568868039294
5.805,-9.327003720805896
5.8075,-8.743191705229393
5.81,-8.105395411387587
5.8125,-7.4255496182860945
5.815,-6.6985329822366735
5.8175,-5.90764756864296
5.82,-5.036530253216343
5.8225,-4.082590376863702
5.825,-3.067961557472912
5.8275,-2.0446691185626995
5.83,-1.0900077403511994
5.8325,-0.29279314428188885
5.835,0.2663678523781814
5.8375,0.5369445956646708
5.84,0.5168175409347546
5.8425,0.2605562244751366
5.845,-0.1252133822205102
5.8475,-0.49849265180879904
5.85,-0.7103873716481883
5.8525,-0.6380382707947355
5.855,-0.2129349287615907
5.8575,0.5601328238971671
5.86,1.5993874916184552
5.8625,2.7601071365743213
5.865,3.862489702454646
5.8675,4.728155649127531
5.87,5.217839246002986
5.8725,5.260263741367763
5.875,4.866867946332217
5.8775,4.130133595640669
5.88,3.203764116560911
5.8825,2.2706520243655732
5.885,1.5077000854603082
5.8875,1.0528397400496223
5.89,0.9817660944158497
5.8925,1.298875745834884
5.895,1.9419401675377042
5.8975,2.7981212630150116
5.9,3.7272581777598206
5.9025,4.587328572483612
5.905,5.256345105377805
5.9075,5.648797829009299
5.91,5.724790202725631
5.9125,5.4912656116352485
5.915,4.997593996903739
5.9175,4.326106216213862
5.92,3.5794580064290376
5.9225,2.8670364096101113
5.925,2.2906507965074097
5.9275,1.9305505546024233
5.93,1.8341315657184438
5.9325,2.0093875502998872
5.935,2.4234222060683726
5.9375,3.006760978413405
5.94,3.664072876462817
5.9425,4.290022461632092
5.945,4.7873845793347245
5.9475,5.0832687851772
5.95,5.141749691368471
5.9525,4.9709051052305195
5.955,4.621488107213428
5.9575,4.177693406383947
5.96,3.7420593087284972
5.9625,3.4173081070238776
5.965,3.288343418504541
5.9675,3.40713036307099
5.97,3.7830625497413948
5.9725,4.381099849399408
5.975,5.127206254529943
5.9775,5.919266875029886
5.98,6.642990306991024
5.9825,7.190635049576376
5.985,7.478608355552994
5.9875,7.4619751532131735
5.99,7.143548828056252
5.9925,6.57569938844446
5.995,5.854634652068041
5.9975,5.106690892268175
6.0,4.469878808882738
6.0025,4.072997202312218
6.005,4.013007239202871
6.0075,4.336425474603521
6.01,5.028842344533768
6.0125,6.011823254466855
6.015,7.148825346379572
6.0175,8.262805264814572
6.02,9.16138539482264
6.0225,9.663539871956335
6.025,9.6274923739427
6.0275,8.975913183945416
6.03,7.710964332433824
6.0325,5.918599731187176
6.035,3.76080900381552
6.0375,1.4545788381821105
6.04,-0.7582569636447342
6.0425,-2.647004499204516
6.045,-4.028317509067161
6.0475,-4.7943265872199605
6.05,-4.928679843554702
6.0525,-4.507787065522907
6.055,-3.6848194540216563
6.0575,-2.660241791379002
6.06,-1.6456213353106919
6.0625,-0.8265754540575588
6.065,-0.33422245797375394
6.0675,-0.23165871606092875
6.07,-0.5157168371873593
6.0725,-1.1334999235663104
6.075,-2.007459775901511
6.0775,-3.0599770329350386
6.08,-4.230451367205111
6.0825,-5.479340500100701
6.085,-6.778478455469723
6.0875,-8.093663597691835
6.09,-9.366519991377833
6.0925,-10.502687976829417
6.095,-11.376468762529505
6.0975,-11.852668449414997
6.1,-11.81941070827771
6.1025,-11.225890606182533
6.105,-10.112144713073725
6.1075,-8.619559626869586
6.11,-6.976271875234316
6.1125,-5.457641999408184
6.115,-4.330681954917411
6.1175,-3.7943516890944915
6.12,-3.930751352901504
6.1225,-4.6813774390370355
6.125,-5.854873039955287
6.1275,-7.164582713912899
6.13,-8.288609234647907
6.1325,-8.938777792284139
6.135,-8.920978985453228
6.1375,-8.174701486636998
6.14,-6.784224224028886
6.1425,-4.957786359718275
6.145,-2.98157303515057
6.1475,-1.160037394923164
6.15,0.24565947050454184
6.1525,1.0681751400946629
6.155,1.2636481871241974
6.1575,0.9145273665187746
6.16,0.20624515079154648
6.1625,-0.614931650357029
6.165,-1.2951733559326535
6.1675,-1.6275597946404698
6.17,-1.4945913328092861
6.1725,-0.8908687941099681
6.175,0.07689349836288853
6.1775,1.213622049856025
6.18,2.2787994336550086
6.1825,3.0390559351956803
6.185,3.3185469357615354
6.1875,3.037059309788301
6.19,2.2275377943680903
6.1925,1.0275691063641665
6.195,-0.3516679101554949
6.1975,-1.6718133078555208
6.2,-2.718527796217517
6.2025,-3.3450808191291443
6.205,-3.4991814130815113
6.2075,-3.2263000771787365
6.21,-2.650341829136951
6.2125,-1.9383513182094911
6.215,-1.2570480216984603
6.2175,-0.7331248151970594
6.22,-0.42813126300219534
6.2225,-0.33170349743043803
6.225,-0.37426967071169404
6.2275,-0.45499863243278604
6.23,-0.47517458934994844
6.2325,-0.36859512096616726
6.235,-0.1210568776261205
6.2375,0.2266265569807417
6.24,0.5913226409367114
6.2425,0.8711240463993541
6.245,0.9737842229710054
6.2475,0.8426807701842761
6.25,0.47320253329417417
6.2525,-0.08451372537771856
6.255,-0.7359858244297841
6.2575,-1.3620076018927316
6.26,-1.843291552941105
6.2625,-2.084717123462468
6.265,-2.0327531079576335
6.2675,-1.6832423171517141
6.27,-1.0796779836268935
6.2725,-0.30198846879925606
6.275,0.5517203018079297
6.2775,1.3856104874821693
6.28,2.1266147801562783
6.2825,2.741530014051377
6.285,3.246327060837594
6.2875,3.708295444134414
6.29,4.23877051479963
6.2925,4.975585040620561
6.295,6.0576972226665395
6.2975,7.593652928309969
6.3,9.628936750109462
6.3025,12.118864635685176
6.305,14.913207016507906
6.3075,17.758350211230116
6.31,20.321745859781846
6.3125,22.23629453536808
6.315,23.15852002828755
6.3175,22.83331807010779
6.32,21.15021204976421
6.3225,18.179129948348614
6.325,14.176975147602633
6.3275,9.558236045345579
6.33,4.835121912487939
6.3325,0.5362027915022941
6.335,-2.8816384079671424
6.3375,-5.107935162234366
6.34,-6.026598186567503
6.3425,-5.726911166326973
6.345,-4.474842617606129
6.3475,-2.652449935622564
6.35,-0.6770466873725077
6.3525,1.0805230532968437
6.355,2.3616624370228503
6.3575,3.0592703844353224
6.36,3.220759777666103
6.3625,3.0176492606368317
6.365,2.692162766351793
6.3675,2.4927210993119124
6.37,2.6133031592086287
6.3725,3.1499083825980723
6.375,4.081245868967259
6.3775,5.275876131295147
6.38,6.522769188631691
6.3825,7.5772485335281985
6.385,8.211804920050861
6.3875,8.26119471022419
6.39,7.654915981429344
6.3925,6.430518275732456
6.395,4.725337334933515
6.3975,2.7510348525673947
6.4,0.7550682218880364
6.4025,-1.024171830797457
6.405,-2.398450250277757
6.4075,-3.260192583116597
6.41,-3.596211939568404
6.4125,-3.4816151409912304
6.415,-3.056810186765129
6.4175,-2.4915031677797854
6.42,-1.9441857223807932
6.4225,-1.5282812544093451
6.425,-1.2917296804521428
6.4275,-1.2138774361466342
6.43,-1.2216359670958488
6.4325,-1.2197708988975664
6.435,-1.125266503565742
6.4375,-0.8969198957747953
6.44,-0.5516614951180705
6.4425,-0.16230553774398326
6.445,0.16165779471246336
6.4475,0.30430239082752875
6.45,0.1767658559994775
6.4525,-0.2557024083939315
6.455,-0.9622154261174861
6.4575,-1.852285638047866
6.46,-2.796645454488965
6.4625,-3.659428775513488
6.465,-4.332597660158914
6.4675,-4.7620910370396095
6.47,-4.960480028354351
6.4725,-5.002959717155941
6.475,-5.007212646749923
6.4775,-5.103010056933777
6.48,-5.399048557263577
6.4825,-5.954023561103017
6.485,-6.758451400544836
6.4875,-7.731839161098459
6.49,-8.735246705946436
6.4925,-9.595625515903116
6.495,-10.138115433898934
6.4975,-10.220103218378918
6.5,-9.759446781405842
6.5025,-8.752839867199071
6.505,-7.279539750275694
6.5075,-5.490824961456184
6.51,-3.5878538274470917
6.5125,-1.788386957246919
6.515,-0.2907348701447892
6.5175,0.7584855492831614
6.52,1.2890181208336673
6.5225,1.318751995168328
6.525,0.9506206466058744
6.5275,0.35390327214508643
6.53,-0.2660001412778806
6.5325,-0.7036004023335461
6.535,-0.7903625821181022
6.5375,-0.4252368518727674
6.54,0.40729737960873813
6.5425,1.6345875491660151
6.545,3.1092226358938015
6.5475,4.635223817227165
6.55,6.002315193071088
6.5525,7.022148602179069
6.555,7.55740415005814
6.5575,7.541089175780078
6.56,6.983751828554204
6.5625,5.9651937089178135
6.565,4.616790843558105
6.5675,3.0991243095491687
6.57,1.5781985846136948
6.5725,0.20503912732459156
6.575,-0.8990052830330041
6.5775,-1.649504296247732
6.58,-2.0012460084031733
6.5825,-1.947988907394719
6.585,-1.5202909000032772
6.5875,-0.7823253132814161
6.59,0.1729686865744416
6.5925,1.2305203688725734
6.595,2.2632031922770137
6.5975,3.146630474365572
6.6,3.776161429746101
6.6025,4.082662983826617
6.605,4.044468571309208
6.6075,3.6917807593076026
6.61,3.100272977213128
6.6125,2.374860798598639
6.615,1.6269077946595443
6.6175,0.9496052800200846
6.62,0.39819709828275546
6.6225,-0.019356071136041292
6.625,-0.3382999269568323
6.6275,-0.6198676447077298
6.63,-0.9254949006973692
6.6325,-1.2898613005816553
6.635,-1.70028776469879
6.6375,-2.0886113231152947
6.64,-2.339940846433565
6.6425,-2.317695979634819
6.645,-1.8979141459822746
6.6475,-1.0051740141558962
6.65,0.35783671610945367
6.6525,2.097270203836732
6.655,4.0362603323091975
6.6575,5.942411124353938
6.66,7.570616543761701
6.6625,8.711629898618076
6.665,9.234023842987733
6.6675,9.110504480441543
6.67,8.421782136855597
6.6725,7.335797130018376
6.675,6.067109889390828
6.6775,4.826777560863394
6.68,3.7748040572436454
6.6825,2.986418278941144
6.685,2.441482534096649
6.6875,2.040625225675204
6.69,1.6427901600354216
6.6925,1.1138125122149354
6.695,0.3735253462700549
6.6975,-0.573198986940638
6.7,-1.630422258410271
6.7025,-2.631954398188375
6.705,-3.3845344805505455
6.7075,-3.721092346139483
6.71,-3.549622847892372
6.7125,-2.8838496061631935
6.715,-1.8461149254129783
6.7175,-0.6420522283622186
6.72,0.4866526089598732
6.7225,1.3194143453209755
6.725,1.7083844951323492
6.7275,1.6118623039611513
6.73,1.1011635531183435
6.7325,0.3405405027433471
6.735,-0.4525889836336439
6.7375,-1.0577610402081632
6.74,-1.2992852591287718
6.7425,-1.07974070816829
6.745,-0.39446964526996986
6.7475,0.6739958651019069
6.75,1.9791245383903135
6.7525,3.342370164635951
6.755,4.586622470725851
6.7575,5.565540158460921
6.76,6.1819996891427955
6.7625,6.3955084776089235
6.765,6.220287549003404
6.7675,5.7137273520329535
6.77,4.960537064104621
6.7725,4.056699284433442
6.775,3.0933818690647428
6.7775,2.1448130825608756
6.78,1.2627143394343827
6.7825,0.4752983018534948
6.785,-0.20898257767635373
6.7875,-0.7936604020208003
6.79,-1.2860705892324966
6.7925,-1.6897938742586989
6.795,-2.000745231039963
6.7975,-2.2090475908455534
6.8,-2.3037764542358494
6.8025,-2.2805080913320985
6.805,-2.1507250364337587
6.8075,-1.947227561627363
6.81,-1.7231477957563959
6.8125,-1.5456905555500386
6.815,-1.4838528507423436
6.8175,-1.5917533129186698
6.82,-1.8930376114070027
6.8225,-2.370073257705691
6.825,-2.9608509711477096
6.8275,-3.5662624395793543
6.83,-4.0670829447091545
6.8325,-4.347612908200533
6.835,-4.320854798996142
6.8375,-3.9496119983026508
6.84,-3.2582493941424735
6.8425,-2.3305862391359247
6.845,-1.2942694890489481
6.8475,-0.29507453577918813
6.85,0.5339220098235278
6.8525,1.1005867266449063
6.855,1.371257225236944
6.8575,1.3735284329098916
6.86,1.1850940852484644
6.8625,0.9094969130315421
6.865,0.6453410315553478
6.8675,0.45966709170121683
6.87,0.3699206224213141
6.8725,0.33896789842374114
6.875,0.2865404716423754
6.8775,0.11258374808075769
6.88,-0.2728593950261235
6.8825,-0.9199636785126627
6.885,-1.817914614361303
6.8875,-2.886958368831935
6.89,-3.9855608521868917
6.8925,-4.932839478027533
6.895,-5.543660542715245
6.8975,-5.6676820212147945
6.9,-5.2248907936368
6.9025,-4.232882202187106
6.905,-2.8169982241569516
6.9075,-1.1983306944827763
6.91,0.3381441756845119
6.9125,1.491107711317529
6.915,1.9990967710692413
6.9175,1.6947998093593923
6.92,0.5449036164888242
6.9225,-1.334213146037153
6.925,-3.688613553904477
6.9275,-6.166877124022137
6.93,-8.382723810149031
6.9325,-9.987482576418575
6.935,-10.737395664986444
6.9375,-10.542083149140979
6.94,-9.483963960065529
6.9425,-7.803157612234789
6.945,-5.85007734851004
6.9475,-4.016457389646612
6.95,-2.6587934259438053
6.9525,-2.029945886617031
6.955,-2.2339466023492642
6.9575,-3.213301716718461
6.96,-4.769921573747254
6.9625,-6.613802770829053
6.965,-8.42714936391126
6.9675,-9.928403097919594
6.97,-10.923489899191347
6.9725,-11.333272013131086
6.975,-11.193491829956328
6.9775,-10.632284835838867
6.98,-9.831517572278543
6.9825,-8.982105755060129
6.985,-8.24505258226123
6.9875,-7.724892064733817
6.99,-7.458498620791783
6.9925,-7.419169067938899
6.995,-7.532686829922744
6.9975,-7.698931762458671
7.0,-7.813692703022816
7.0025,-7.788210997479072
7.005,-7.562550016122491
7.0075,-7.112108550269339
7.01,-6.448745749211999
7.0125,-5.616498115183646
7.015,-4.68364190238839
7.0175,-3.7317674962338847
7.02,-2.84324694977128
7.0225,-2.089641252387372
7.025,-1.5217524555523214
7.0275,-1.162597377880693
7.03,-1.0056741058770655
7.0325,-1.0195538632006942
7.035,-1.1569263232811797
7.0375,-1.367210130307564
7.04,-1.6105716294216652
7.0425,-1.868175339845474
7.045,-2.1461602365616437
7.0475,-2.4726902511709414
7.05,-2.887124911437643
7.0525,-3.4235324852175193
7.055,-4.09496386932808
7.0575,-4.882559903368608
7.06,-5.731697850888271
7.0625,-6.558047763325358
7.065,-7.263142865618931
7.0675,-7.7543989011009
7.07,-7.9638903297667865
7.0725,-7.862502070337512
7.075,-7.4661984639657994
7.0775,-6.832233210045032
7.08,-6.046416286218535
7.0825,-5.206162949159693
7.085,-4.4029687169285
7.0875,-3.7065586277136235
7.09,-3.1553548302622487
7.0925,-2.7544534834630774
7.095,-2.4800449398764184
7.0975,-2.2893054520367726
7.1,-2.1329800219207695
7.1025,-1.968386257670758
7.105,-1.7693963372119255
7.1075,-1.5318319058553573
7.11,-1.2737752846197867
7.1125,-1.0291982649756488
7.115,-0.837011420163344
7.1175,-0.7290033699643617
7.12,-0.7182582958746201
7.1225,-0.7910981389883218
7.125,-0.9072003937651841
7.1275,-1.007380369939481
7.13,-1.0264028009831243
7.1325,-0.9095901971647447
7.135,-0.6286542667218329
7.1375,-0.1911193540855105
7.14,0.3592553928255428
7.1425,0.9516741442435867
7.145,1.5059160256269564
7.1475,1.9537156114051484
7.15,2.257717248957476
7.1525,2.422210935331897
7.155,2.490604844378574
7.1575,2.5302800360841236
7.16,2.6094768745648507
7.1625,2.7711161586362483
7.165,3.0130775216260925
7.1675,3.282977567155954
7.17,3.4876689042226388
7.1725,3.51570945333639
7.175,3.268743480903683
7.1775,2.691285034711629
7.18,1.7894247543198056
7.1825,0.6350867533878195
7.185,-0.6460274449137287
7.1875,-1.9008240956548832
7.19,-2.9809257618451275
7.1925,-3.772022803537853
7.195,-4.214582961912017
7.1975,-4.310518763460238
7.2,-4.115545329791592
7.2025,-3.7196610159828767
7.205,-3.220156791463994
7.2075,-2.6947750973071605
7.21,-2.1786320148262344
7.2125,-1.6501140489507207
7.215,-1.0302812848398133
7.2175,-0.194334157476466
7.22,1.0054520124089446
7.2225,2.7079825013508434
7.225,5.009829357394563
7.2275,7.935590859259189
7.23,11.416474328334147
7.2325,15.283357521817093
7.235,19.276583520982385
7.2375,23.070878057472154
7.24,26.313857884380823
7.2425,28.672525082130214
7.245,29.87998140544387
7.2475,29.774965604592666
7.25,28.327286014367193
7.2525,25.644272868962215
7.255,21.955993538949425
7.2575,17.582361327794004
7.26,12.888737006937081
7.2625,8.23711882541792
7.265,3.9426282943271658
7.2675,0.24302021327322354
7.27,-2.7157715533955655
7.2725,-4.87765413807656
7.275,-6.261891469584525
7.2775,-6.9426209537889
7.28,-7.027316830772501
7.2825,-6.637933894559507
7.285,-5.898395282592225
7.2875,-4.926192574082075
7.29,-3.825684570645361
7.2925,-2.685148212721814
7.295,-1.574685333641816
7.2975,-0.5447651797216688
7.3,0.3714070469554565
7.3025,1.1536626943921553
7.305,1.7899810504077005
7.3075,2.272425901292682
7.31,2.5962481424012522
7.3125,2.7621316360334607
7.315,2.7813751137882576
7.3175,2.6817333474002423
7.32,2.509537774352388
7.3225,2.326220214251423
7.325,2.199703125167608
7.3275,2.1907936663822483
7.33,2.337384441221579
7.3325,2.642244789755117
7.335,3.0675008672254114
7.3375,3.537135956985819
7.34,3.9490579497733735
7.3425,4.194732772405277
7.345,4.182546041528297
7.3475,3.8604990432174704
7.35,3.232387538459939
7.3525,2.3641021283096464
7.355,1.377272097485779
7.3575,0.4294370920791288
7.36,-0.3146357605914281
7.3625,-0.7152701603818428
7.365,-0.6865643081481978
7.3675,-0.21400512740764946
7.37,0.6419669586600409
7.3725,1.7570800159112119
7.375,2.965893941226328
7.3775,4.090187880924052
7.38,4.967045304818222
7.3825,5.472063014389664
7.385,5.534809919060842
7.3875,5.146474434865773
7.39,4.360723956280373
7.3925,3.2865755092580082
7.395,2.074695459586064
7.3975,0.8985475871188331
7.4,-0.07026232366305608
7.4025,-0.6892947127581013
7.405,-0.8696758849147184
7.4075,-0.5924972517485341
7.41,0.08661296437957658
7.4125,1.046957561870471
7.415,2.1258870254224727
7.4175,3.1495476738501558
7.42,3.9652155062160026
7.4225,4.468785391398866
7.425,4.6202919205732735
7.4275,4.446490484495805
7.43,4.030079338479747
7.4325,3.4873816606298917
7.435,2.940407584892927
7.4375,2.488694291388324
7.44,2.1871666927339044
7.4425,2.0349034494792804
7.445,1.9789565818233568
7.4475,1.9334903994562394
7.45,1.808688817290103
7.4525,1.5426330121678111
7.455,1.1272032533436187
7.4575,0.6190106459122242
7.46,0.13070644341173482
7.4625,-0.19535801917656756
7.465,-0.22369718662927618
7.4675,0.13726450051133163
7.47,0.9073865802444268
7.4725,2.0246508665663865
7.475,3.3544929640873136
7.4775,4.7144561467276604
7.48,5.909013341224955
7.4825,6.766042005448468
7.485,7.167355427857696
7.4875,7.06975973164844
7.49,6.513034463193795
7.4925,5.6131328978314645
7.495,4.542091470632549
7.4975,3.496766681235904
7.5,2.661111673631454
7.5025,2.1691355909068455
7.505,2.076393333437427
7.5075,2.347355909075607
7.51,2.8627133015699218
7.5125,3.4457005578970565
7.515,3.900786650865299
7.5175,4.055432873230115
7.52,3.7961924631934707
7.5225,3.091318274195317
7.525,1.9957065368865048
7.5275,0.63888728102797
7.53,-0.7994698263601461
7.5325,-2.1211629715096594
7.535,-3.145249705556021
7.5375,-3.741789495576507
7.54,-3.8563977489991177
7.5425,-3.5234229876467067
7.545,-2.8632459204536453
7.5475,-2.0599652820214027
7.55,-1.323793565130571
7.5525,-0.8464001974254672
7.555,-0.7589041325568765
7.5575,-1.1034907084670995
7.56,-1.827587105287547
7.5625,-2.8021278677472257
7.565,-3.856372843315709
7.5675,-4.819577436665429
7.57,-5.559151466410475
7.5725,-6.0049255778186605
7.575,-6.156099028518034
7.5775,-6.072702486438117
7.58,-5.855640235553433
7.5825,-5.621925893927471
7.585,-5.479283473903825
7.5875,-5.502889699795397
7.59,-5.718327885698871
7.5925,-6.093405811590186
7.595,-6.54119003416305
7.5975,-6.936086798686397
7.6,-7.141603288827608
7.6025,-7.044227030937379
7.605,-6.58416861436544
7.6075,-5.773266407046247
7.61,-4.694654366366094
7.6125,-3.4837461416045246
7.615,-2.2959061136419727
7.6175,-1.2714813523233832
7.62,-0.5088169322319532
7.6225,-0.05139613817465908
7.625,0.10989114813310254
7.6275,0.023074050013169964
7.63,-0.2439742969170157
7.6325,-0.6224157313952112
7.635,-1.0569563809838634
7.6375,-1.5158403393406155
7.64,-1.9955359121653498
7.6425,-2.518217396056248
7.645,-3.1219005692005752
7.6475,-3.841780662841968
7.65,-4.685211266459711
7.6525,-5.609065451345998
7.655,-6.508252075381017
7.6575,-7.223320136128287
7.66,-7.570794998214396
7.6625,-7.3899987122589526
7.665,-6.592033785037616
7.6675,-5.1946002422641655
7.67,-3.329993144370642
7.6725,-1.221728639856545
